/mnt/terrabyte_dss/Sentinel-2-Col-1/L1C/tiles/32/U/PB/2025/05/S2A_MSIL1C_20250510T103031_N0511_R108_T32UPB_20250510T105537.SAFE/GRANULE/L1C_T32UPB_A051614_20250510T103034;bash;0.048355;9.473526;0.178092;0.845724;10.073420;0.838816;2.390116;24.047132;0.670438;1.272565;2.228291;29.252328;0.000001;9.338526;0.144164;3.600477;0.075000;1.056979;19.611525;0.000000;4.062230;0.000000;0.000004;26.088761;0.139791;0.044582;34.966316;0.000006;0.000007;61.239512;0.017317;10.006686;2.346044;0.708365;0.027496;78.549900;103.068161;27.779423;-0.000013;190.000000;4;8
/mnt/terrabyte_dss/Sentinel-2-Col-1/L1C/tiles/32/U/PU/2021/10/S2A_MSIL1C_20211010T100941_N0500_R022_T32UPU_20230110T205441.SAFE/GRANULE/L1C_T32UPU_A032909_20211010T101120;bash;0.100279;14.779445;0.380881;1.237186;12.743057;1.099370;1.999491;22.708509;0.643230;1.540928;6.826609;28.021353;0.000001;8.203234;0.175230;4.809026;0.167629;4.026325;28.423122;0.000000;6.991508;0.000000;0.000004;32.614259;0.187679;0.051618;23.307540;0.000005;0.000008;56.161162;0.012126;3.434709;0.903561;0.297978;0.024534;67.918987;105.549796;16.136707;-0.000014;187.000000;4;8
/mnt/terrabyte_dss/Sentinel-2-Col-1/L1C/tiles/32/U/PB/2023/08/S2B_MSIL1C_20230819T101609_N0510_R065_T32UPB_20241018T083027.SAFE/GRANULE/L1C_T32UPB_A033696_20230819T102334;bash;0.081012;22.208863;0.302120;2.180297;12.437631;0.872195;2.989782;54.360013;1.285704;12.831944;4.172220;72.379155;0.000001;17.422429;0.317386;11.598005;0.276026;4.269973;61.447994;0.000000;10.751455;0.000000;0.000003;61.908389;0.043395;0.056561;57.717533;0.000005;0.000007;119.725933;0.022504;8.948097;2.117338;0.521573;0.001151;142.216967;220.154002;38.873866;-0.000012;386.000000;4;8
/mnt/terrabyte_dss/Sentinel-2-Col-1/L1C/tiles/32/U/NA/2024/08/S2A_MSIL1C_20240831T103021_N0511_R108_T32UNA_20240831T130645.SAFE/GRANULE/L1C_T32UNA_A048010_20240831T103023;bash;0.052402;21.714265;0.159038;1.412795;10.779602;1.269404;1.880872;54.472891;0.984826;0.979176;1.449493;59.605570;0.000001;17.453268;0.328371;10.451233;0.231850;4.001968;77.149832;0.000000;11.511386;0.000000;0.000004;65.444574;0.052025;0.096629;59.258550;0.000006;0.000008;124.851832;0.020438;8.092556;1.987271;0.836763;0.021539;147.435192;239.619244;48.297495;-0.000014;399.000000;4;8
/mnt/terrabyte_dss/Sentinel-2-Col-1/L1C/tiles/32/U/MA/2026/05/S2B_MSIL1C_20260528T102549_N0512_R108_T32UMA_20260528T140532.SAFE/GRANULE/L1C_T32UMA_A048182_20260528T102552;bash;0.087102;22.831122;0.160939;1.994144;13.243955;1.376201;2.023035;49.161368;0.968065;1.461301;4.371614;55.011897;0.000001;25.097337;0.280097;13.425229;0.327632;2.222093;78.053732;0.000000;8.002796;0.000000;0.000003;61.780632;0.042730;0.048765;53.743294;0.000006;0.000007;115.615480;0.056002;6.348202;1.724065;0.449765;0.001054;132.318251;226.641146;47.963338;-0.000011;393.000000;4;8
/mnt/terrabyte_dss/Sentinel-2-Col-1/L1C/tiles/32/T/NT/2022/08/S2B_MSIL1C_20220814T101559_N0510_R065_T32TNT_20240707T151342.SAFE/GRANULE/L1C_T32TNT_A028405_20220814T102248;bash;0.090202;22.051828;0.192366;2.227029;10.749160;0.900397;2.030211;46.272509;1.530196;15.438401;19.700781;66.196932;0.000001;20.116185;0.238957;8.709406;0.257069;2.732876;105.658739;0.000000;19.813224;0.000000;0.000004;63.935660;0.034091;0.054018;55.904862;0.000006;0.000008;119.928692;0.026698;11.309249;1.843108;0.399539;0.001142;153.461881;271.073013;40.288276;-0.000015;433.000000;4;8
/mnt/terrabyte_dss/Sentinel-2-Col-1/L1C/tiles/33/U/VQ/2023/08/S2A_MSIL1C_20230811T101031_N0510_R022_T33UVQ_20241015T043550.SAFE/GRANULE/L1C_T33UVQ_A042490_20230811T101028;bash;0.056224;20.247055;0.216737;1.853886;14.181816;1.458925;3.335571;54.113150;1.042469;19.831391;6.866267;79.804346;0.000001;14.432973;0.361040;13.681867;0.578220;2.413323;128.551742;0.000000;18.451685;0.000000;0.000004;67.352822;0.034192;0.053366;62.006515;0.000006;0.000008;129.446953;0.021283;9.322906;2.802710;0.766327;0.029355;161.089971;306.700707;42.245078;-0.000015;480.000000;4;8
/mnt/terrabyte_dss/Sentinel-2-Col-1/L1C/tiles/32/T/PT/2017/06/S2A_MSIL1C_20170626T102021_N0500_R065_T32TPT_20231008T201548.SAFE/GRANULE/L1C_T32TPT_A010501_20170626T102321;bash;0.069221;23.541244;0.250778;2.539543;13.118757;1.562242;2.591520;59.078793;1.105851;7.021493;10.664942;71.387197;0.000001;18.595435;0.261493;10.980175;0.438848;3.055070;130.300953;0.000000;11.252046;0.000000;0.000003;63.808487;0.036154;0.051458;57.318917;0.000006;0.000007;121.215075;0.026822;7.082766;2.138151;0.634353;0.001184;142.476387;287.532225;37.721840;-0.000014;455.000000;4;8
/mnt/terrabyte_dss/Sentinel-2-Col-1/L1C/tiles/32/U/NA/2019/09/S2A_MSIL1C_20190904T102021_N0500_R065_T32UNA_20230702T101739.SAFE/GRANULE/L1C_T32UNA_A021941_20190904T102045;bash;0.038373;24.169793;0.194169;1.423608;9.754833;1.507944;2.873931;70.169233;1.543802;36.540420;12.400779;112.693863;0.000001;37.680010;0.467605;16.102041;0.243352;3.499883;89.149950;0.000000;11.591717;0.000000;0.000003;63.135703;0.095739;0.101138;56.805969;0.000006;0.000007;120.138608;0.024396;5.784290;1.757987;0.562488;0.001129;140.013341;249.491232;46.022829;-0.000013;482.000000;4;8
/mnt/terrabyte_dss/Sentinel-2-Col-1/L1C/tiles/32/U/PA/2024/04/S2A_MSIL1C_20240423T102601_N0510_R108_T32UPA_20240423T155013.SAFE/GRANULE/L1C_T32UPA_A046151_20240423T102742;bash;0.076159;8.257639;0.146014;0.509158;4.636002;0.433260;0.563229;9.151898;0.439492;2.772793;27.494881;13.371898;0.000001;3.621258;0.090984;3.333649;0.100594;2.221661;15.542856;0.000000;3.699762;0.000000;0.000004;21.698350;0.255082;0.043803;19.551037;0.000005;0.000008;41.548331;0.025799;5.171024;1.043266;0.324923;0.039987;51.950049;73.252314;17.366909;-0.000014;121.000000;4;8
/mnt/terrabyte_dss/Sentinel-2-Col-1/L1C/tiles/32/U/MA/2022/03/S2A_MSIL1C_20220318T103751_N0510_R008_T32UMA_20240527T061624.SAFE/GRANULE/L1C_T32UMA_A035183_20220318T104246;bash;0.060946;11.551526;0.246929;1.921439;9.743448;0.641306;1.881924;18.293585;3.000474;16.750013;23.709204;40.585111;0.000001;8.765962;0.155787;4.791578;0.224446;2.948329;23.659209;0.000000;7.226492;0.000000;0.000004;34.831486;0.357827;0.052629;31.438041;0.000005;0.000007;66.680041;0.067185;8.748812;1.782826;0.678999;0.007998;85.336069;117.145404;34.395764;-0.000014;225.000000;4;8
/mnt/terrabyte_dss/Sentinel-2-Col-1/L1C/tiles/33/U/UQ/2018/11/S2B_MSIL1C_20181117T100259_N0500_R122_T33UUQ_20230703T210755.SAFE/GRANULE/L1C_T33UUQ_A008871_20181117T100301;bash;0.061589;6.122429;0.160550;1.022696;3.181791;0.272262;0.665188;3.485242;4.170019;21.685843;32.534168;30.311360;0.000000;2.870606;0.077513;3.175161;0.093340;6.462803;11.210948;0.000000;2.445408;0.000000;0.000003;12.866492;0.104827;0.016780;6.970981;0.000005;0.000008;19.959137;0.004915;2.587396;1.025298;0.302766;0.019841;26.373578;47.405804;14.922699;-0.000015;106.000000;4;8
/mnt/terrabyte_dss/Sentinel-2-Col-1/L1C/tiles/32/U/QU/2019/02/S2B_MSIL1C_20190218T101059_N0500_R022_T32UQU_20221128T070250.SAFE/GRANULE/L1C_T32UQU_A010201_20190218T101421;bash;0.082137;20.485756;0.177427;1.408408;12.034673;4.365788;3.027632;39.560642;1.195244;3.874916;17.871370;52.050278;0.000001;14.519162;0.256534;11.167838;0.472096;4.895414;73.188593;0.000000;11.296439;0.000000;0.000003;58.198518;0.061047;0.112887;61.159425;0.000006;0.000007;119.531935;0.021679;7.093623;2.783288;0.683640;0.001271;141.535238;231.530819;39.177736;-0.000014;371.000000;4;8
/mnt/terrabyte_dss/Sentinel-2-Col-1/L1C/tiles/32/U/QU/2019/06/S2B_MSIL1C_20190618T101029_N0500_R022_T32UQU_20230805T075457.SAFE/GRANULE/L1C_T32UQU_A011917_20190618T101307;bash;0.038038;23.263034;0.110649;1.337743;10.103626;0.824746;1.692247;63.831122;1.391267;34.479913;24.170095;102.302479;0.000001;20.276672;0.423567;9.390978;0.253252;1.907295;62.190694;0.000000;7.242031;0.000000;0.000003;65.969683;0.066374;0.064371;53.593039;0.000005;0.000008;119.693529;0.020087;10.011693;3.791923;1.062679;0.032006;141.986814;216.166392;39.614420;-0.000022;414.000000;4;8
/mnt/terrabyte_dss/Sentinel-2-Col-1/L1C/tiles/33/U/UP/2024/01/S2B_MSIL1C_20240110T100309_N0510_R122_T33UUP_20240110T105002.SAFE/GRANULE/L1C_T33UUP_A035755_20240110T100306;bash;0.096700;14.669776;0.213199;1.218064;10.196149;2.590972;1.616695;9.816602;1.431461;10.140202;37.339375;25.607330;0.000001;3.590194;0.162949;3.170513;0.101853;3.819946;26.116026;0.000000;5.957758;0.000000;0.000004;24.286710;0.153460;0.033914;17.927346;0.000006;0.000009;42.401492;0.013376;5.365257;1.059156;0.193160;0.000638;55.046426;88.430464;15.213393;-0.000012;159.000000;4;8
/mnt/terrabyte_dss/Sentinel-2-Col-1/L1C/tiles/32/T/QT/2024/07/S2B_MSIL1C_20240731T100559_N0511_R022_T32TQT_20240731T120937.SAFE/GRANULE/L1C_T32TQT_A038658_20240731T101303;bash;0.115220;26.013159;0.158493;1.567288;17.505290;1.908335;4.210049;62.257675;1.492766;35.238162;28.920788;105.148131;0.000001;14.869550;0.299068;6.558723;0.354124;1.859327;92.825199;0.000000;6.933830;0.000000;0.000004;59.911075;0.042366;0.049397;40.060126;0.000006;0.000008;100.063029;0.022502;5.095221;1.788524;0.614516;0.001105;114.708541;216.619271;34.867801;-0.000015;417.000000;4;8
/mnt/terrabyte_dss/Sentinel-2-Col-1/L1C/tiles/33/U/UQ/2024/10/S2B_MSIL1C_20241016T100029_N0511_R122_T33UUQ_20241016T151956.SAFE/GRANULE/L1C_T33UUQ_A039759_20241016T100611;bash;0.035644;4.362948;0.119988;0.455385;2.516602;0.197615;0.324627;2.608063;2.560423;20.608374;41.424259;26.313468;0.000001;1.215525;0.096564;1.687548;0.052658;4.202286;8.121179;0.000000;2.922276;0.000000;0.000003;8.727572;0.158075;0.029133;6.973227;0.000005;0.000007;15.888063;0.006080;2.998686;0.906897;0.172834;0.030474;22.955575;37.128446;11.767093;-0.000014;84.000000;4;8
/mnt/terrabyte_dss/Sentinel-2-Col-1/L1C/tiles/33/U/VP/2025/05/S2A_MSIL1C_20250514T101041_N0511_R022_T33UVP_20250514T152942.SAFE/GRANULE/L1C_T33UVP_A051671_20250514T101732;bash;0.035388;11.945054;0.294110;1.648644;9.208166;0.779078;1.526098;25.264366;0.950605;1.917319;48.093201;30.468041;0.000001;3.880629;0.146844;3.934144;0.132144;1.454768;23.747324;0.000000;5.729965;0.000000;0.000004;21.775599;0.235544;0.026551;16.788198;0.000006;0.000008;38.825964;0.024522;4.826802;0.968220;0.400332;0.064820;50.941381;80.377297;22.020385;-0.000015;160.000000;4;8
/mnt/terrabyte_dss/Sentinel-2-Col-1/L1C/tiles/32/U/QU/2018/07/S2A_MSIL1C_20180728T101031_N0500_R022_T32UQU_20230806T195605.SAFE/GRANULE/L1C_T32UQU_A016178_20180728T101340;bash;0.085458;25.595829;0.195998;1.925225;14.995204;1.128301;2.631918;66.472713;1.819265;40.714287;36.992649;112.799454;0.000001;10.358296;0.261859;10.038862;0.279965;1.860723;57.620368;0.000000;11.296920;0.000000;0.000003;61.739608;0.049045;0.104163;41.366120;0.000006;0.000009;103.258994;0.035913;7.321335;1.989177;0.605720;0.001150;124.690755;194.767121;31.096262;-0.000015;392.000000;4;8
/mnt/terrabyte_dss/Sentinel-2-Col-1/L1C/tiles/32/U/MA/2017/06/S2B_MSIL1C_20170614T103019_N0500_R108_T32UMA_20230904T160334.SAFE/GRANULE/L1C_T32UMA_A001421_20170614T103021;bash;0.091693;29.556443;0.223765;1.919564;16.575409;1.438787;3.318402;63.506587;2.385463;135.441290;30.531176;206.113374;0.000001;13.617770;0.370541;10.032423;0.248421;1.800000;63.705973;0.000000;11.903373;0.000000;0.000004;54.200763;0.044411;0.056661;43.752617;0.000006;0.000008;98.054514;0.021083;5.952802;1.864380;0.412851;0.001146;118.353492;194.526258;45.107590;-0.000014;508.000000;4;8
/mnt/terrabyte_dss/Sentinel-2-Col-1/L1C/tiles/33/T/UN/2019/11/S2B_MSIL1C_20191122T100229_N0500_R122_T33TUN_20230802T153000.SAFE/GRANULE/L1C_T33TUN_A014162_20191122T100226;bash;0.062253;13.975922;0.206368;1.005179;6.505686;1.204779;1.132239;13.101590;3.819253;22.125753;47.699291;41.397345;0.000001;4.719818;0.129643;3.037280;0.161004;6.032875;39.937128;0.000000;7.296702;0.000000;0.000004;25.392550;0.126214;0.061840;17.378776;0.000005;0.000007;42.959444;0.008497;4.550289;1.664282;0.346416;0.016751;56.917733;106.229010;19.767656;-0.000014;194.000000;4;8
/mnt/terrabyte_dss/Sentinel-2-Col-1/L1C/tiles/32/U/QV/2017/06/S2A_MSIL1C_20170613T101031_N0500_R022_T32UQV_20231008T101700.SAFE/GRANULE/L1C_T32UQV_A010315_20170613T101608;bash;0.061108;23.603139;0.111339;0.990456;13.711505;1.412389;3.440700;81.257630;2.716854;122.899037;43.654316;211.754817;0.000001;10.680114;0.467056;8.388177;0.235626;1.077479;74.244379;0.000000;6.486404;0.000000;0.000004;54.720013;0.120204;0.082456;86.400029;0.000006;0.000007;141.322765;0.056560;13.330534;3.629652;1.100885;0.015763;166.046774;250.473471;38.165320;-0.000014;550.000000;4;8
/mnt/terrabyte_dss/Sentinel-2-Col-1/L1C/tiles/32/T/NT/2023/08/S2B_MSIL1C_20230816T100559_N0510_R022_T32TNT_20241020T192439.SAFE/GRANULE/L1C_T32TNT_A033653_20230816T100802;bash;0.085605;4.194892;0.090574;0.226174;1.729661;0.126632;0.200759;1.771407;0.414584;9.733185;58.213482;12.246658;0.000001;0.492781;0.031158;0.973128;0.034763;1.971285;4.157200;0.000000;2.628859;0.000000;0.000003;5.146780;0.071636;0.007228;5.162390;0.000006;0.000008;10.388085;0.000009;2.417760;0.289522;0.165438;0.000146;15.889872;23.085068;14.009413;-0.000054;56.000000;4;8
/mnt/terrabyte_dss/Sentinel-2-Col-1/L1C/tiles/32/U/NB/2021/04/S2B_MSIL1C_20210421T101549_N0500_R065_T32UNB_20230517T212537.SAFE/GRANULE/L1C_T32UNB_A021541_20210421T102336;bash;0.094923;28.191901;0.413446;1.955732;14.947762;1.254538;3.865822;44.532576;11.415757;156.595499;52.419846;217.719407;0.000001;18.310879;0.446168;12.278938;0.401626;4.807781;76.671575;0.000000;10.718288;0.000000;0.000003;67.028369;0.262239;0.062509;51.597490;0.000005;0.000007;118.950669;0.025390;7.586827;2.014473;1.067204;0.033094;140.610033;235.244997;41.238312;-0.000014;558.000000;4;8
/mnt/terrabyte_dss/Sentinel-2-Col-1/L1C/tiles/32/U/QV/2025/06/S2C_MSIL1C_20250611T101041_N0511_R022_T32UQV_20250611T170925.SAFE/GRANULE/L1C_T32UQV_A003996_20250611T101043;bash;0.061923;26.053363;0.131358;2.006588;22.684687;2.047631;4.836952;63.727287;2.321749;128.410134;54.033043;201.390979;0.000001;12.116322;0.268836;11.392914;0.307766;2.330857;119.899644;0.000000;11.920180;0.000000;0.000003;78.278100;0.077470;0.136044;54.756407;0.000005;0.000008;133.248083;0.024084;7.506306;2.085443;0.659498;0.015941;155.606672;289.822003;37.867856;-0.000013;592.000000;4;8
/mnt/terrabyte_dss/Sentinel-2-Col-1/L1C/tiles/32/U/PB/2023/07/S2A_MSIL1C_20230715T101601_N0510_R065_T32UPB_20240913T101130.SAFE/GRANULE/L1C_T32UPB_A042104_20230715T101733;bash;0.077550;34.406018;0.241420;2.534228;21.166825;1.791444;6.076241;53.176265;9.517810;254.621374;57.086014;325.235259;0.000001;9.529036;0.382238;4.562360;0.135711;1.472148;35.495400;0.000000;7.203414;0.000000;0.000004;53.039968;0.051846;0.100004;72.006488;0.000006;0.000007;125.198365;0.026209;7.307613;1.801014;0.622682;0.017467;142.307621;184.369040;39.391804;-0.000015;617.000000;4;8
/mnt/terrabyte_dss/Sentinel-2-Col-1/L1C/tiles/33/T/UN/2017/03/S2B_MSIL1C_20170330T101019_N0500_R022_T33TUN_20230927T093513.SAFE/GRANULE/L1C_T33TUN_A000334_20170330T101715;bash;0.084957;29.474163;0.222192;2.066110;18.251326;5.070111;6.520781;37.892856;6.670433;149.853230;64.139755;206.031889;0.000001;8.874484;0.291690;4.288296;0.302438;2.606475;90.417290;0.000000;6.717310;0.000000;0.000003;68.247623;0.072455;0.096250;69.543838;0.000006;0.000008;137.960233;0.056133;10.538647;2.713503;0.659215;0.015311;158.792689;256.712947;36.834229;-0.000015;559.000000;4;8
/mnt/terrabyte_dss/Sentinel-2-Col-1/L1C/tiles/32/U/MA/2023/06/S2B_MSIL1C_20230606T103629_N0510_R008_T32UMA_20241002T175615.SAFE/GRANULE/L1C_T32UMA_A032638_20230606T103638;bash;0.037501;12.902974;0.230996;1.328690;9.139758;0.774288;2.572809;21.801297;2.590415;108.767388;61.028938;136.521366;0.000001;5.422507;0.119407;5.386822;0.170617;2.251494;30.413427;0.000000;7.480761;0.000000;0.000004;44.282714;0.333024;0.067292;33.264097;0.000005;0.000007;77.947186;0.030443;5.242540;1.436121;0.402519;0.016992;92.641690;130.999299;36.753634;-0.000013;333.000000;4;8
/mnt/terrabyte_dss/Sentinel-2-Col-1/L1C/tiles/32/T/QT/2018/11/S2B_MSIL1C_20181123T102339_N0500_R065_T32TQT_20230702T105944.SAFE/GRANULE/L1C_T32TQT_A008957_20181123T102334;bash;0.061150;9.398003;0.285321;1.282751;7.304270;0.727728;1.965160;18.631318;6.037306;61.648421;74.416824;89.020594;0.000000;2.537436;0.208774;2.094717;0.087644;3.859146;22.029369;0.000000;5.637330;0.000000;0.000004;16.409925;0.128057;0.030594;13.811749;0.000005;0.000008;30.380388;0.008629;3.139315;1.051832;0.383591;0.028827;40.720471;69.029107;12.624414;-0.000078;192.000000;4;8
/mnt/terrabyte_dss/Sentinel-2-Col-1/L1C/tiles/32/T/QT/2026/07/S2A_MSIL1C_20260721T102041_N0512_R065_T32TQT_20260721T153621.SAFE/GRANULE/L1C_T32TQT_A057863_20260721T102042;bash;0.105529;10.948709;0.267112;0.931398;9.401247;0.494391;1.579583;12.446758;2.257931;79.169576;73.079163;95.958065;0.000001;3.479767;0.111725;3.609673;0.145005;1.116394;28.111985;0.000000;3.022410;0.000000;0.000004;18.565146;0.191139;0.042179;12.168882;0.000005;0.000009;30.967405;0.009984;4.712727;1.030468;0.175178;0.000497;39.970757;73.078288;11.811630;-0.000012;206.000000;4;8
/mnt/terrabyte_dss/Sentinel-2-Col-1/L1C/tiles/32/U/PA/2026/03/S2C_MSIL1C_20260301T101941_N0512_R065_T32UPA_20260301T135953.SAFE/GRANULE/L1C_T32UPA_A007757_20260301T101943;bash;0.038411;20.263746;0.165271;2.363179;13.952621;1.324313;4.204320;72.697898;34.046642;166.733049;69.956398;279.038992;0.000001;7.556460;0.292600;5.604961;0.271280;3.917800;74.532860;0.000000;12.531753;0.000000;0.000003;52.357193;0.033560;0.061816;41.320333;0.000006;0.000007;93.772967;0.026914;8.668767;1.578437;0.495675;0.001157;117.203262;201.837366;34.411531;-0.000015;559.000000;4;8
/mnt/terrabyte_dss/Sentinel-2-Col-1/L1C/tiles/32/T/PT/2017/03/S2B_MSIL1C_20170320T101509_N0500_R051_T32TPT_20230910T181542.SAFE/GRANULE/L1C_T32TPT_A000191_20170320T102202;bash;0.064857;29.540873;0.231296;2.234118;17.510531;5.227089;10.057272;35.826677;27.985574;416.259169;66.680840;495.381572;0.000001;5.793803;0.225927;3.824056;0.233404;2.348008;97.790845;0.000000;8.685782;0.000000;0.000003;70.311220;0.080240;0.097645;60.088220;0.000006;0.000007;130.577385;0.027010;9.013175;2.252651;0.843572;0.021739;151.571516;256.007344;36.306242;-0.000013;843.000000;4;8
/mnt/terrabyte_dss/Sentinel-2-Col-1/L1C/tiles/33/U/UQ/2026/07/S2C_MSIL1C_20260716T100601_N0512_R022_T33UUQ_20260716T134923.SAFE/GRANULE/L1C_T33UUQ_A009716_20260716T100555;bash;0.043354;19.543731;0.140511;1.246532;11.959268;0.976248;3.597777;59.265629;2.824643;212.531281;79.109512;279.219981;0.000001;5.102039;0.449867;6.507874;0.230631;2.368419;93.060980;0.000000;8.769912;0.000000;0.000004;55.351337;0.021754;0.049229;40.409288;0.000006;0.000008;95.831664;0.027033;5.685559;1.613410;0.405467;0.001117;112.469231;215.100510;29.174979;-0.000013;562.000000;4;8
/mnt/terrabyte_dss/Sentinel-2-Col-1/L1C/tiles/33/U/VQ/2024/09/S2B_MSIL1C_20240906T095549_N0511_R122_T33UVQ_20240906T152044.SAFE/GRANULE/L1C_T33UVQ_A039187_20240906T100354;bash;0.037884;20.931125;0.158429;1.164067;8.713313;0.690781;3.177333;26.561932;46.523408;381.337680;78.912643;458.316408;0.000001;10.846751;0.126602;3.853166;0.139664;1.911808;63.129543;0.000000;6.558740;0.000000;0.000004;29.265343;0.061623;0.067767;36.975883;0.000006;0.000007;66.370695;0.026222;5.652627;1.609657;0.394098;0.002332;80.758625;149.934875;21.973527;-0.000013;672.000000;4;8
