/mnt/dss_project/nherrmann/innsbruck/level1/S2A_MSIL1C_20240101T102431_N0510_R065_T32TPT_20240101T122107.SAFE/GRANULE/L1C_T32TPT_A044535_20240101T102736;bash;0.055306;9.142013;0.271863;1.306761;12.916582;1.259889;3.502256;6.353447;25.742874;7.063781;94.343628;43.937172;0.000000;0.815032;0.142287;2.010448;0.167656;6.531708;46.725059;0.000000;6.550824;0.000000;0.000004;29.287631;0.406347;0.047204;20.348237;0.000006;0.000010;50.089476;0.011685;5.544499;0.984524;0.390654;0.001557;63.644311;119.235316;21.989478;0.143404;210.000000;4;4
/mnt/dss_project/nherrmann/innsbruck/level1/S2B_MSIL1C_20240103T101329_N0510_R022_T32TPT_20240103T110304.SAFE/GRANULE/L1C_T32TPT_A035655_20240103T101328;bash;0.037312;20.638226;0.385849;2.473157;16.511603;1.945360;4.603135;22.886245;7.007783;6.071738;59.288338;42.540165;0.000001;9.455843;0.243552;5.468818;0.332901;6.995041;94.126563;0.000000;11.575961;0.000000;0.000004;64.009580;0.159952;0.081478;60.185405;0.000005;0.000007;124.436468;0.023206;9.240006;1.780136;0.796646;0.002035;147.999223;255.179527;34.183993;0.169435;382.000000;4;4
/mnt/dss_project/nherrmann/innsbruck/level1/S2A_MSIL1C_20240111T102401_N0510_R065_T32TPT_20240111T122249.SAFE/GRANULE/L1C_T32TPT_A044678_20240111T102734;bash;0.057582;13.210685;0.236695;1.031385;8.983093;1.425451;1.706587;6.117639;1.160417;0.581593;30.365656;11.006418;0.000001;5.592851;0.155150;2.302138;0.156880;6.425452;37.589069;0.000000;6.565588;0.000000;0.000004;30.020571;0.430906;0.039376;27.479355;0.000006;0.000008;57.970266;0.008836;5.748715;1.343799;0.397752;0.001499;72.109925;118.759328;26.197671;0.345101;186.000000;4;4
/mnt/dss_project/nherrmann/innsbruck/level1/S2B_MSIL1C_20240106T102329_N0510_R065_T32TPT_20240106T111405.SAFE/GRANULE/L1C_T32TPT_A035698_20240106T102326;bash;0.037123;20.481724;0.249294;1.786077;16.456896;0.954351;0.000000;0.000000;0.000000;38.149494;100.000000;39.132202;0.000001;0.407740;0.243330;3.170041;0.331477;6.332593;145.180848;0.000000;11.149085;0.000000;0.000003;61.541655;0.040305;0.068870;39.579330;0.000005;0.000008;101.230213;0.000260;9.549178;1.906971;0.956105;0.001838;124.955766;280.228599;28.111491;0.008681;387.000000;4;4
/mnt/dss_project/nherrmann/innsbruck/level1/S2A_MSIL1C_20240108T101401_N0510_R022_T32TPT_20240108T105807.SAFE/GRANULE/L1C_T32TPT_A044635_20240108T101404;bash;0.101727;20.038547;0.276523;1.838875;16.125341;1.435977;6.987298;22.500845;74.614905;21.195883;98.444801;126.760533;0.000001;0.769326;0.243159;3.270502;0.309994;7.105628;113.520332;0.000000;11.127467;0.000000;0.000004;60.753693;0.163968;0.083280;54.279820;0.000006;0.000008;115.280822;0.020665;9.188398;1.645851;0.783142;0.002113;138.192711;262.656570;21.943685;0.133168;451.000000;4;4
/mnt/dss_project/nherrmann/innsbruck/level1/S2B_MSIL1C_20240113T101309_N0510_R022_T32TPT_20240113T110023.SAFE/GRANULE/L1C_T32TPT_A035798_20240113T101304;bash;0.070257;22.760107;0.348043;1.943572;17.432610;3.199179;3.927917;31.859238;1.924498;0.881497;16.805122;41.818885;0.000001;16.834966;0.252999;5.737480;0.310028;7.764097;90.924394;0.000000;11.072164;0.000000;0.000003;61.338273;0.167497;0.068120;62.403836;0.000006;0.000007;123.977783;0.027699;9.254467;1.864431;0.800680;0.001773;147.160236;252.163406;33.332805;0.062836;387.000000;4;4
/mnt/dss_project/nherrmann/innsbruck/level1/S2A_MSIL1C_20240118T101331_N0510_R022_T32TPT_20240118T121139.SAFE/GRANULE/L1C_T32TPT_A044778_20240118T101403;bash;0.089833;19.119221;0.311581;1.786967;16.126976;1.727002;6.809120;28.020663;71.271227;19.929592;98.871841;127.782405;0.000001;1.220762;0.240952;3.543289;0.349957;6.623829;104.415629;0.000000;11.120012;0.000000;0.000003;59.182033;0.170647;0.073181;50.574819;0.000005;0.000007;110.000738;0.022288;9.179427;1.650781;0.794964;0.002355;132.903433;248.091422;28.375739;0.130556;443.000000;4;4
/mnt/dss_project/nherrmann/innsbruck/level1/S2A_MSIL1C_20240121T102331_N0510_R065_T32TPT_20240121T122146.SAFE/GRANULE/L1C_T32TPT_A044821_20240121T102705;bash;0.039639;17.258699;0.248778;1.714924;16.445023;2.257955;0.000000;0.000000;0.000000;38.255663;100.000000;40.541324;0.000001;0.407703;0.240662;3.174621;0.348529;6.355014;139.577515;0.000000;10.767582;0.000000;0.000003;62.586412;0.044040;0.054279;41.705768;0.000006;0.000007;104.390554;0.022005;9.181337;1.545576;0.906811;0.004610;126.977655;276.686938;26.768455;0.129377;380.000000;4;4
/mnt/dss_project/nherrmann/innsbruck/level1/S2B_MSIL1C_20240116T102259_N0510_R065_T32TPT_20240116T111303.SAFE/GRANULE/L1C_T32TPT_A035841_20240116T102256;bash;0.045222;21.641095;0.534759;1.810682;16.536339;2.320672;7.645969;24.722556;31.833136;20.364619;68.783585;86.911737;0.000001;7.390810;0.245728;3.775252;0.371278;7.424811;124.086787;0.000000;11.051246;0.000000;0.000004;64.266670;0.045484;0.072801;63.643329;0.000005;0.000007;128.028341;0.025780;9.249706;1.758722;0.841963;0.002984;151.102084;287.019339;35.760692;0.220446;458.000000;4;4
/mnt/dss_project/nherrmann/innsbruck/level1/S2B_MSIL1C_20240123T101229_N0510_R022_T32TPT_20240123T110055.SAFE/GRANULE/L1C_T32TPT_A035941_20240123T101226;bash;0.038471;18.208582;0.276249;1.673818;16.196471;0.980521;7.169053;0.000000;0.000000;36.846398;100.000000;45.050201;0.000001;0.864682;0.647545;6.468239;0.489148;7.555371;124.856043;0.000000;11.060410;0.000000;0.000003;56.884099;0.167299;0.069988;41.725172;0.000006;0.000007;98.846618;0.027276;9.113974;1.602453;0.802749;0.001283;121.614648;261.644802;25.857337;0.008233;370.000000;4;4
/mnt/dss_project/nherrmann/innsbruck/level1/S2A_MSIL1C_20240128T101301_N0510_R022_T32TPT_20240128T105717.SAFE/GRANULE/L1C_T32TPT_A044921_20240128T101353;bash;0.076443;21.858874;0.385201;1.964091;16.142992;2.120621;3.965350;25.937536;1.594862;0.758018;17.580933;34.401205;0.000001;19.914125;0.242604;7.078723;0.306498;6.518230;97.944491;0.000000;11.128276;0.000000;0.000003;64.008730;0.169629;0.058214;64.041893;0.000005;0.000007;128.278527;0.026855;9.104810;1.901483;0.776454;0.002312;151.361030;263.465195;30.462490;0.008874;389.000000;4;4
/mnt/dss_project/nherrmann/innsbruck/level1/S2A_MSIL1C_20240131T102251_N0510_R065_T32TPT_20240131T122138.SAFE/GRANULE/L1C_T32TPT_A044964_20240131T102625;bash;0.084608;21.068074;0.249656;1.730302;16.483892;1.644952;7.017079;21.763254;15.928643;10.004446;93.263290;56.378936;0.000001;2.135208;0.255052;3.468299;0.378100;6.312495;131.524742;0.000000;10.744628;0.000000;0.000003;66.248623;0.042593;0.053142;56.465371;0.000006;0.000008;122.809790;0.026760;9.131400;1.684201;0.846988;0.003330;145.374954;287.327731;35.076097;0.132904;421.000000;4;4
/mnt/dss_project/nherrmann/innsbruck/level1/S2B_MSIL1C_20240126T102219_N0510_R065_T32TPT_20240126T111247.SAFE/GRANULE/L1C_T32TPT_A035984_20240126T102216;bash;0.105029;23.426425;0.328066;2.167660;16.730441;1.692859;7.672888;18.385623;47.996678;17.753803;90.608337;93.525430;0.000001;2.641954;0.244781;3.394812;0.373336;6.375520;139.686551;0.000000;11.022337;0.000000;0.000003;63.976692;0.045109;0.070958;57.940951;0.000005;0.000007;122.033766;0.019985;9.501402;2.290599;1.186737;0.002692;146.205574;296.294843;31.165845;0.114399;467.000000;4;4
/mnt/dss_project/nherrmann/innsbruck/level1/S2B_MSIL1C_20240202T101139_N0510_R022_T32TPT_20240202T110551.SAFE/GRANULE/L1C_T32TPT_A036084_20240202T101136;bash;0.048000;20.240112;0.278738;1.684104;16.390289;1.125920;6.923319;15.406000;52.703476;22.681996;94.799561;98.865347;0.000001;1.911592;0.353391;4.056690;0.368272;6.337983;126.688870;0.000000;10.955643;0.000000;0.000003;57.264865;0.170398;0.049959;53.165872;0.000005;0.000007;110.651151;0.026389;9.347842;1.418805;0.779917;0.002465;133.303610;271.122511;28.765730;0.110442;440.000000;4;4
/mnt/dss_project/nherrmann/innsbruck/level1/S2B_MSIL1C_20240205T102129_N0510_R065_T32TPT_20240205T122515.SAFE/GRANULE/L1C_T32TPT_A036127_20240205T102125;bash;0.039517;18.055502;0.312849;1.785807;18.008413;3.166572;4.581754;37.293094;1.979654;1.012185;25.873877;48.089445;0.000001;18.279698;0.243422;6.789285;0.337884;6.184973;115.585446;0.000000;11.154256;0.000000;0.000004;63.743477;0.040828;0.077984;68.086413;0.000006;0.000008;131.948758;0.027209;9.217618;1.773134;0.848677;0.002146;155.117153;284.271780;33.585620;0.149882;423.000000;4;4
/mnt/dss_project/nherrmann/innsbruck/level1/S2A_MSIL1C_20240207T101201_N0510_R022_T32TPT_20240207T105710.SAFE/GRANULE/L1C_T32TPT_A045064_20240207T101300;bash;0.059148;17.289946;0.280891;1.783887;16.912703;1.638242;6.557936;17.900473;38.892769;12.301770;88.549286;77.317141;0.000001;7.851498;0.243068;4.741680;0.339495;5.951574;119.822794;0.000000;10.995979;0.000000;0.000003;64.792788;0.169841;0.064736;55.362187;0.000005;0.000008;120.389612;0.020545;9.324743;1.968609;0.822904;0.002639;143.673513;274.786238;27.074067;0.126214;424.000000;4;4
/mnt/dss_project/nherrmann/innsbruck/level1/S2A_MSIL1C_20240210T102151_N0510_R065_T32TPT_20240210T121948.SAFE/GRANULE/L1C_T32TPT_A045107_20240210T102529;bash;0.038997;19.568389;0.251161;1.763406;16.884341;1.289637;7.792058;16.022057;44.036279;15.030186;98.580589;84.195064;0.000001;0.806441;0.251348;3.124511;0.384291;7.846449;155.860653;0.000000;10.766163;0.000000;0.000003;66.937760;0.042676;0.067377;53.169534;0.000005;0.000008;120.217403;0.019209;9.175241;1.610892;0.844693;0.002853;142.779137;310.260583;34.691566;0.097182;468.000000;4;4
/mnt/dss_project/nherrmann/innsbruck/level1/S2B_MSIL1C_20240212T101039_N0510_R022_T32TPT_20240212T110649.SAFE/GRANULE/L1C_T32TPT_A036227_20240212T101040;bash;0.042815;20.844928;0.272432;1.729807;16.609818;1.669116;6.774031;32.367607;44.235654;19.599113;96.832504;104.671733;0.000001;1.121850;0.242799;3.628261;0.334989;5.660754;120.549875;0.000000;11.030484;0.000000;0.000004;56.809256;0.161878;0.049365;53.856697;0.000005;0.000008;110.877252;0.024692;9.248619;1.589940;0.805482;0.002285;133.683263;264.112793;27.030392;0.101281;436.000000;4;4
/mnt/dss_project/nherrmann/innsbruck/level1/S2A_MSIL1C_20240217T101101_N0510_R022_T32TPT_20240217T105711.SAFE/GRANULE/L1C_T32TPT_A045207_20240217T101159;bash;0.036339;17.899884;0.274446;1.726824;15.998771;1.094998;7.044933;0.000000;0.000000;33.703850;100.000000;41.890060;0.000001;0.489545;0.406325;3.579337;0.423047;6.046833;129.501946;0.000000;10.976718;0.000000;0.000004;58.149071;0.164575;0.051912;46.406009;0.000005;0.000007;104.771619;0.027342;9.252169;1.598211;0.803373;0.001235;127.582347;267.553272;25.050840;0.021293;371.000000;4;4
/mnt/dss_project/nherrmann/innsbruck/level1/S2B_MSIL1C_20240215T102029_N0510_R065_T32TPT_20240215T140022.SAFE/GRANULE/L1C_T32TPT_A036270_20240215T102728;bash;0.037851;19.890656;0.248875;1.723866;16.432218;2.858972;5.713404;38.655399;2.772907;1.909703;45.463718;51.933630;0.000000;17.294069;0.247058;7.818513;0.537469;5.936652;126.392466;0.000000;11.051090;0.000000;0.000003;64.745957;0.040606;0.050232;68.252908;0.000005;0.000007;133.089758;0.027981;10.159428;2.156578;0.880677;0.002037;157.508306;298.454595;35.368921;0.077276;441.000000;4;4
/mnt/dss_project/nherrmann/innsbruck/level1/S2A_MSIL1C_20240220T102051_N0510_R065_T32TPT_20240220T122157.SAFE/GRANULE/L1C_T32TPT_A045250_20240220T102204;bash;0.038473;26.674955;0.250570;1.683146;16.483538;1.520668;7.540728;23.645644;68.756277;34.760268;99.698235;136.245118;0.000001;0.506165;0.245102;3.105692;0.372953;5.195173;129.628418;0.000000;11.061168;0.000000;0.000004;61.309237;0.042666;0.048845;46.654462;0.000005;0.000008;108.055267;0.024567;9.260336;1.599733;0.852874;0.001490;130.989681;269.550629;35.411168;0.098763;487.000000;4;4
/mnt/dss_project/nherrmann/innsbruck/level1/S2B_MSIL1C_20240222T100939_N0510_R022_T32TPT_20240222T120930.SAFE/GRANULE/L1C_T32TPT_A036370_20240222T100934;bash;0.038053;19.488459;0.271906;1.636326;18.068399;1.072080;7.100213;14.017030;32.812831;12.180543;98.763420;67.203731;0.000001;0.741583;0.244122;3.277710;0.289918;5.520717;153.453549;0.000000;10.969639;0.000000;0.000003;56.482988;0.162380;0.049914;54.491816;0.000005;0.000007;111.187154;0.022158;9.060667;1.481203;0.779036;0.002560;133.632453;296.431459;31.162925;0.104424;436.000000;4;4
/mnt/dss_project/nherrmann/innsbruck/level1/S2B_MSIL1C_20240225T101919_N0510_R065_T32TPT_20240225T125121.SAFE/GRANULE/L1C_T32TPT_A036413_20240225T102308;bash;0.075607;19.998279;0.251632;1.641917;16.507279;2.927800;5.231631;37.591146;10.374291;6.228639;55.752911;62.375620;0.000001;22.258768;0.244458;9.007271;0.331155;5.325283;125.548595;0.000000;11.166449;0.000000;0.000003;62.411105;0.040455;0.049811;65.530257;0.000005;0.000007;128.031684;0.023331;9.624124;1.654506;0.844975;0.002115;151.476298;291.945335;34.132766;0.141189;449.000000;4;4
/mnt/dss_project/nherrmann/innsbruck/level1/S2A_MSIL1C_20240227T100951_N0510_R022_T32TPT_20240227T121636.SAFE/GRANULE/L1C_T32TPT_A045350_20240227T101649;bash;0.039317;19.196217;0.272626;1.671206;16.043156;1.299184;7.055598;24.985474;32.019312;19.307615;92.788345;84.689054;0.000001;2.185341;0.243110;3.272969;0.335810;5.189137;141.795383;0.000000;10.890949;0.000000;0.000003;59.265905;0.160769;0.053850;53.040080;0.000005;0.000008;112.520661;0.026496;9.993055;1.824328;0.966515;0.003203;136.329188;287.178334;27.705532;0.132396;440.000000;4;4
/mnt/dss_project/nherrmann/innsbruck/level1/S2A_MSIL1C_20240301T101941_N0510_R065_T32TPT_20240301T122141.SAFE/GRANULE/L1C_T32TPT_A045393_20240301T102318;bash;0.058484;23.588562;0.250852;1.651096;16.417884;0.922021;0.000000;0.000000;0.000000;37.833948;100.000000;38.772612;0.000001;0.407702;0.258019;2.805428;0.312401;4.283444;172.814221;0.000000;11.495788;0.000000;0.000003;61.860814;0.040249;0.048723;39.737807;0.000005;0.000007;101.687644;0.000274;9.287897;1.620047;0.849229;0.001766;125.044565;305.530905;29.359017;0.044491;416.000000;4;4
/mnt/dss_project/nherrmann/innsbruck/level1/S2B_MSIL1C_20240303T100819_N0510_R022_T32TPT_20240303T121438.SAFE/GRANULE/L1C_T32TPT_A036513_20240303T101326;bash;0.049904;20.824517;0.294277;1.726269;17.940768;1.555783;7.177553;17.710978;43.423068;19.095124;99.085876;88.985622;0.000001;0.974850;0.240157;3.530177;0.342120;5.546144;146.165547;0.000000;10.990260;0.000000;0.000003;61.456919;0.166707;0.050919;49.556346;0.000005;0.000007;111.230950;0.028589;9.161314;1.703779;0.787751;0.002150;134.042571;289.879508;29.565758;0.170254;450.000000;4;4
/mnt/dss_project/nherrmann/innsbruck/level1/S2B_MSIL1C_20240306T101759_N0510_R065_T32TPT_20240306T125639.SAFE/GRANULE/L1C_T32TPT_A036556_20240306T102027;bash;0.051573;16.689265;0.262167;1.743605;17.300410;0.961415;0.000000;0.000000;0.000000;38.639831;100.000000;39.627137;0.000001;0.407541;0.762087;3.256365;0.310529;4.470058;182.456877;0.000000;10.855386;0.000000;0.000003;63.037794;0.040076;0.081333;41.364120;0.000005;0.000007;104.523378;0.033687;9.183029;2.326655;1.076485;0.001776;128.146138;319.415063;26.763809;0.043352;423.000000;4;4
/mnt/dss_project/nherrmann/innsbruck/level1/S2A_MSIL1C_20240308T100841_N0510_R022_T32TPT_20240308T120958.SAFE/GRANULE/L1C_T32TPT_A045493_20240308T101546;bash;0.036673;20.371946;0.270518;1.729650;16.235938;2.468905;4.616954;35.841029;6.561785;6.343754;37.469635;55.859396;0.000001;13.250458;0.243865;6.925219;0.620006;5.238848;122.392000;0.000000;11.083824;0.000000;0.000003;64.719780;0.157274;0.053439;64.462066;0.000005;0.000008;129.392626;0.026910;9.753825;2.118358;0.862984;0.001906;153.374604;288.807770;31.542859;0.168894;428.000000;4;4
/mnt/dss_project/nherrmann/innsbruck/level1/S2A_MSIL1C_20240311T101831_N0510_R065_T32TPT_20240311T122002.SAFE/GRANULE/L1C_T32TPT_A045536_20240311T102207;bash;0.058535;28.410829;0.250007;1.804080;16.475264;2.139774;5.767628;27.696924;10.900756;11.789343;76.314636;58.321284;0.000001;5.951591;0.245727;4.621990;0.392159;4.524667;138.701757;0.000000;13.680758;0.000000;0.000004;67.457464;0.040861;0.080820;60.804485;0.000005;0.000007;128.383687;0.027605;9.387589;1.691249;0.855144;0.002680;154.175294;302.675244;42.843653;0.119487;457.000000;4;4
/mnt/dss_project/nherrmann/innsbruck/level1/S2B_MSIL1C_20240313T100709_N0510_R022_T32TPT_20240313T121251.SAFE/GRANULE/L1C_T32TPT_A036656_20240313T101407;bash;0.057129;21.017340;0.277058;1.836914;17.976570;2.668196;7.123982;24.882879;32.355510;21.001873;96.121117;88.059542;0.000001;1.253788;0.243322;3.649822;0.365606;4.218746;132.222250;0.000000;11.161359;0.000000;0.000004;62.183787;0.167998;0.080373;53.502341;0.000005;0.000007;115.934550;0.027884;9.192218;1.689532;0.795078;0.001873;138.953846;279.667921;27.765477;0.153167;438.000000;4;4
/mnt/dss_project/nherrmann/innsbruck/level1/S2B_MSIL1C_20240316T101649_N0510_R065_T32TPT_20240316T125251.SAFE/GRANULE/L1C_T32TPT_A036699_20240316T102010;bash;0.068997;19.816692;0.251306;1.832651;17.091510;1.315098;8.013412;0.000000;0.000000;36.505115;100.000000;45.860166;0.000001;0.421222;0.292150;3.426251;0.335689;3.934714;148.395889;0.000000;11.197243;0.000000;0.000003;63.958070;0.040085;0.079772;47.262457;0.000005;0.000007;111.340439;0.027025;9.201948;1.669203;0.841473;0.001500;134.422919;290.821733;32.066168;0.028142;408.000000;4;4
/mnt/dss_project/nherrmann/innsbruck/level1/S2A_MSIL1C_20240318T100731_N0510_R022_T32TPT_20240318T120956.SAFE/GRANULE/L1C_T32TPT_A045636_20240318T101434;bash;0.038112;18.269323;0.273900;1.839026;16.122529;0.975360;0.000000;0.000000;0.000000;36.418729;100.000000;37.421847;0.000001;0.393717;0.241857;3.358322;0.311714;3.570487;184.514071;0.000000;11.040624;0.000000;0.000003;61.372026;0.160107;0.082823;42.169672;0.000005;0.000008;103.784683;0.000268;13.635322;1.686695;0.808248;0.001925;131.130211;323.140719;24.052868;0.023070;422.000000;4;4
/mnt/dss_project/nherrmann/innsbruck/level1/S2A_MSIL1C_20240321T101721_N0510_R065_T32TPT_20240321T122141.SAFE/GRANULE/L1C_T32TPT_A045679_20240321T101853;bash;0.050152;24.050049;0.251969;1.825288;16.798229;0.977966;0.000000;0.000000;0.000000;38.444432;100.000000;39.450512;0.000001;0.408473;0.243580;3.292412;0.336720;3.764482;192.820989;0.000000;11.317202;0.000000;0.000004;63.482441;0.040223;0.092219;39.305324;0.000013;0.000007;102.920272;0.026997;9.141752;1.608550;0.852192;0.001812;126.012660;326.484445;29.116285;0.145045;439.000000;4;4
/mnt/dss_project/nherrmann/innsbruck/level1/S2B_MSIL1C_20240323T100649_N0510_R022_T32TPT_20240323T121051.SAFE/GRANULE/L1C_T32TPT_A036799_20240323T101128;bash;0.072864;22.316004;0.316399;2.141379;17.321063;1.352698;7.441864;0.000000;0.000000;35.212540;100.000000;44.033938;0.000001;0.393777;0.245712;3.432854;0.412076;3.797797;137.170878;0.000000;13.472314;0.000000;0.000003;62.856194;0.162469;0.065860;43.230436;0.000005;0.000007;106.315017;0.026341;9.183432;1.653383;0.789909;0.001284;131.590378;276.663806;26.289248;0.048574;390.000000;4;4
/mnt/dss_project/nherrmann/innsbruck/level1/S2B_MSIL1C_20240326T101639_N0510_R065_T32TPT_20240326T135925.SAFE/GRANULE/L1C_T32TPT_A036842_20240326T102439;bash;0.068900;20.479272;0.262645;1.939699;17.531582;1.702444;7.329953;22.629188;9.813149;9.929063;91.605568;51.431066;0.000001;3.892129;0.246496;3.522647;0.377646;3.714704;170.110299;0.000000;11.060893;0.000000;0.000004;62.069361;0.040268;0.067673;57.969198;0.000005;0.000007;120.146560;0.026409;9.106510;1.574774;0.841627;0.002628;142.924907;320.911324;30.319695;0.174321;447.000000;4;4
/mnt/dss_project/nherrmann/innsbruck/level1/S2A_MSIL1C_20240328T100631_N0510_R022_T32TPT_20240328T120957.SAFE/GRANULE/L1C_T32TPT_A045779_20240328T100900;bash;0.059484;20.355896;0.272906;1.780985;16.391313;0.945344;0.000000;0.000000;0.000000;36.097067;100.000000;37.069020;0.000001;0.393308;0.240821;3.324311;0.315350;3.504387;190.775656;0.000000;11.022997;0.000000;0.000003;62.470231;0.161741;0.067656;39.653623;0.000005;0.000007;102.353310;0.026709;9.517562;1.893293;0.857427;0.001905;125.826697;324.002332;20.090199;0.169846;421.000000;4;4
/mnt/dss_project/nherrmann/innsbruck/level1/S2A_MSIL1C_20240331T101601_N0510_R065_T32TPT_20240331T135958.SAFE/GRANULE/L1C_T32TPT_A045822_20240331T101847;bash;0.056812;23.541876;0.248147;1.765321;16.456565;1.487873;6.597447;31.119965;12.488843;10.514318;90.111115;62.233612;0.000001;6.559323;0.244721;4.892423;0.368580;3.571442;165.762719;0.000000;11.055569;0.000000;0.000003;63.976131;0.040094;0.059182;57.122208;0.000005;0.000007;121.197671;0.023059;9.107680;1.687491;0.844127;0.003294;144.045293;318.898450;25.931211;0.142903;456.000000;4;4
