/mnt/dss_project/nherrmann/innsbruck/level1/S2A_MSIL1C_20240101T102431_N0510_R065_T32TPT_20240101T122107.SAFE/GRANULE/L1C_T32TPT_A044535_20240101T102736;bash;0.053875;8.814964;0.221413;1.051159;13.122958;2.857731;3.534217;9.647798;48.699151;229.204482;94.343628;290.424572;0.000001;0.809097;120.692624;23.641510;-0.000014;459.000000;4;4
/mnt/dss_project/nherrmann/innsbruck/level1/S2B_MSIL1C_20240103T101329_N0510_R022_T32TPT_20240103T110304.SAFE/GRANULE/L1C_T32TPT_A035655_20240103T101328;bash;0.037937;21.027676;0.280476;2.593327;16.197129;3.746207;4.578933;38.105067;11.266071;195.118404;59.288338;248.261788;0.000001;9.461638;259.912172;33.513685;-0.000015;591.000000;4;4
/mnt/dss_project/nherrmann/innsbruck/level1/S2A_MSIL1C_20240111T102401_N0510_R065_T32TPT_20240111T122249.SAFE/GRANULE/L1C_T32TPT_A044678_20240111T102734;bash;0.062397;12.749841;0.233377;1.058446;9.159253;3.082382;1.703842;9.238525;1.358635;9.579195;30.365656;23.274658;0.000001;5.650783;127.051382;23.444374;-0.000014;203.000000;4;4
/mnt/dss_project/nherrmann/innsbruck/level1/S2B_MSIL1C_20240113T101309_N0510_R022_T32TPT_20240113T110023.SAFE/GRANULE/L1C_T32TPT_A035798_20240113T101304;bash;0.063565;23.338412;0.283072;1.774676;16.064627;8.967746;4.166610;36.637296;1.884944;7.432775;16.805122;54.948583;0.000001;16.481428;259.109889;33.455360;-0.000013;406.000000;4;4
/mnt/dss_project/nherrmann/innsbruck/level1/S2A_MSIL1C_20240108T101401_N0510_R022_T32TPT_20240108T105807.SAFE/GRANULE/L1C_T32TPT_A044635_20240108T101404;bash;0.084063;20.053016;0.281316;1.837918;16.319863;2.625124;7.023116;29.911847;145.118391;712.532206;98.444801;890.213468;0.000001;0.765463;255.983552;24.159146;-0.000014;1210.000000;4;4
/mnt/dss_project/nherrmann/innsbruck/level1/S2B_MSIL1C_20240106T102329_N0510_R065_T32TPT_20240106T111405.SAFE/GRANULE/L1C_T32TPT_A035698_20240106T102326;bash;0.134676;21.072610;0.468911;1.838787;16.451912;0.961416;0.000025;1105.648815;100.000000;1106.635631;0.000001;0.407595;260.177342;23.621162;-0.000015;1431.000000;4;4
/mnt/dss_project/nherrmann/innsbruck/level1/S2B_MSIL1C_20240116T102259_N0510_R065_T32TPT_20240116T111303.SAFE/GRANULE/L1C_T32TPT_A035841_20240116T102256;bash;0.081457;24.140209;0.254457;1.780940;16.438087;5.368623;7.531401;30.907352;61.389792;688.532778;68.783585;786.224922;0.000001;7.397509;297.583213;41.236641;-0.000020;1175.000000;4;4
/mnt/dss_project/nherrmann/innsbruck/level1/S2A_MSIL1C_20240118T101331_N0510_R022_T32TPT_20240118T121139.SAFE/GRANULE/L1C_T32TPT_A044778_20240118T101403;bash;0.039171;21.877066;0.283158;1.785227;16.093833;4.159685;6.805901;35.152662;140.311551;646.789293;98.871841;826.439180;0.000001;1.217975;253.262207;32.887715;-0.000015;1154.000000;4;4
/mnt/dss_project/nherrmann/innsbruck/level1/S2A_MSIL1C_20240128T101301_N0510_R022_T32TPT_20240128T105717.SAFE/GRANULE/L1C_T32TPT_A044921_20240128T101353;bash;0.052960;25.604321;0.284564;1.790935;16.154868;4.166178;3.979251;48.723498;1.725432;9.210952;17.580933;63.852719;0.000001;19.937670;268.522975;32.729285;-0.000019;430.000000;4;4
/mnt/dss_project/nherrmann/innsbruck/level1/S2A_MSIL1C_20240121T102331_N0510_R065_T32TPT_20240121T122146.SAFE/GRANULE/L1C_T32TPT_A044821_20240121T102705;bash;0.074095;22.137984;0.254636;1.789455;16.250481;6.355897;0.000023;1113.453393;100.000000;1119.835970;0.000001;0.407505;270.281198;25.288394;-0.000014;1456.000000;4;4
/mnt/dss_project/nherrmann/innsbruck/level1/S2B_MSIL1C_20240123T101229_N0510_R022_T32TPT_20240123T110055.SAFE/GRANULE/L1C_T32TPT_A035941_20240123T101226;bash;0.039308;19.461177;0.281126;1.782237;16.016049;1.347741;7.181181;989.896576;100.000000;991.271925;0.000001;0.392282;256.625191;26.195853;-0.000015;1312.000000;4;4
/mnt/dss_project/nherrmann/innsbruck/level1/S2B_MSIL1C_20240126T102219_N0510_R065_T32TPT_20240126T111247.SAFE/GRANULE/L1C_T32TPT_A035984_20240126T102216;bash;0.067950;25.352095;0.253656;1.788726;16.337902;3.349841;7.653007;27.436362;87.678024;596.243707;90.608337;714.734567;0.000001;2.816422;287.972201;39.264298;-0.000013;1089.000000;4;4
/mnt/dss_project/nherrmann/innsbruck/level1/S2B_MSIL1C_20240205T102129_N0510_R065_T32TPT_20240205T122515.SAFE/GRANULE/L1C_T32TPT_A036127_20240205T102125;bash;0.066072;21.630746;0.256653;1.797771;16.307257;5.474335;3.832888;55.005422;1.512965;6.381204;25.873877;68.400115;0.000001;18.073652;302.239381;40.012391;-0.000012;469.000000;4;4
/mnt/dss_project/nherrmann/innsbruck/level1/S2A_MSIL1C_20240131T102251_N0510_R065_T32TPT_20240131T122138.SAFE/GRANULE/L1C_T32TPT_A044964_20240131T102625;bash;0.046387;22.249850;0.255490;1.784306;16.603725;3.419420;6.985332;34.219135;27.343074;323.131726;93.263290;388.139324;0.000001;2.166377;301.424487;32.052093;-0.000024;765.000000;4;4
/mnt/dss_project/nherrmann/innsbruck/level1/S2A_MSIL1C_20240207T101201_N0510_R022_T32TPT_20240207T105710.SAFE/GRANULE/L1C_T32TPT_A045064_20240207T101300;bash;0.048868;23.938695;0.285284;1.799189;16.086375;2.760826;5.900146;30.104539;69.255360;401.364292;88.549286;503.510930;0.000001;7.884213;273.291512;32.169197;-0.000014;859.000000;4;4
/mnt/dss_project/nherrmann/innsbruck/level1/S2B_MSIL1C_20240202T101139_N0510_R022_T32TPT_20240202T110551.SAFE/GRANULE/L1C_T32TPT_A036084_20240202T101136;bash;0.039917;18.523673;0.285664;1.784573;16.147767;1.681091;6.927933;23.518845;105.197244;722.397454;94.799561;852.820619;0.000001;1.716911;271.187949;25.747897;-0.000012;1188.000000;4;4
/mnt/dss_project/nherrmann/innsbruck/level1/S2A_MSIL1C_20240210T102151_N0510_R065_T32TPT_20240210T121948.SAFE/GRANULE/L1C_T32TPT_A045107_20240210T102529;bash;0.059942;22.548472;0.253421;1.801860;16.502667;2.034912;7.959444;23.481623;74.459384;501.348321;98.580589;601.351777;0.000001;0.843409;283.870574;35.084900;-0.000012;963.000000;4;4
/mnt/dss_project/nherrmann/innsbruck/level1/S2B_MSIL1C_20240215T102029_N0510_R065_T32TPT_20240215T140022.SAFE/GRANULE/L1C_T32TPT_A036270_20240215T102728;bash;0.086405;23.577863;0.254353;1.893653;16.402753;5.682014;4.608913;59.301719;3.267826;45.879586;45.463718;114.157475;0.000001;17.055819;310.978552;34.332409;-0.000013;519.000000;4;4
/mnt/dss_project/nherrmann/innsbruck/level1/S2B_MSIL1C_20240212T101039_N0510_R022_T32TPT_20240212T110649.SAFE/GRANULE/L1C_T32TPT_A036227_20240212T101040;bash;0.038324;21.191405;0.276902;1.787992;16.115381;3.129639;6.609927;39.182579;83.009697;648.304523;96.832504;773.658675;0.000001;1.194769;270.476215;32.720056;-0.000014;1117.000000;4;4
/mnt/dss_project/nherrmann/innsbruck/level1/S2B_MSIL1C_20240222T100939_N0510_R022_T32TPT_20240222T120930.SAFE/GRANULE/L1C_T32TPT_A036370_20240222T100934;bash;0.038050;18.712626;0.276852;1.796206;16.012032;1.480377;7.042927;21.080562;57.102196;392.675709;98.763420;472.364946;0.000001;0.743412;274.629749;29.551448;-0.000012;814.000000;4;4
/mnt/dss_project/nherrmann/innsbruck/level1/S2B_MSIL1C_20240225T101919_N0510_R065_T32TPT_20240225T125121.SAFE/GRANULE/L1C_T32TPT_A036413_20240225T102308;bash;0.067298;26.618373;0.254519;1.790691;16.428909;5.163488;5.280413;52.603189;17.943151;192.383328;55.752911;268.119201;0.000001;22.329872;298.615115;32.137549;-0.000015;667.000000;4;4
/mnt/dss_project/nherrmann/innsbruck/level1/S2A_MSIL1C_20240217T101101_N0510_R022_T32TPT_20240217T105711.SAFE/GRANULE/L1C_T32TPT_A045207_20240217T101159;bash;0.038114;19.862898;0.276498;1.790252;16.172670;1.416117;7.046943;970.821763;100.000000;972.263745;0.000001;0.393651;266.489475;23.565744;-0.000014;1301.000000;4;4
/mnt/dss_project/nherrmann/innsbruck/level1/S2A_MSIL1C_20240220T102051_N0510_R065_T32TPT_20240220T122157.SAFE/GRANULE/L1C_T32TPT_A045250_20240220T102204;bash;0.056905;24.032619;0.254021;1.794508;16.360244;2.986237;7.505256;35.923824;117.560938;1020.879333;99.698235;1177.376437;0.000001;0.506082;274.948054;29.146522;-0.000014;1525.000000;4;4
/mnt/dss_project/nherrmann/innsbruck/level1/S2A_MSIL1C_20240227T100951_N0510_R022_T32TPT_20240227T121636.SAFE/GRANULE/L1C_T32TPT_A045350_20240227T101649;bash;0.059818;17.153053;0.360756;2.411538;17.017164;2.383841;7.153622;32.727525;57.922369;651.942269;92.788345;745.001728;0.000001;2.187451;277.118461;31.785997;-0.000014;1093.000000;4;4
/mnt/dss_project/nherrmann/innsbruck/level1/S2B_MSIL1C_20240303T100819_N0510_R022_T32TPT_20240303T121438.SAFE/GRANULE/L1C_T32TPT_A036513_20240303T101326;bash;0.036792;17.667143;0.278775;1.785546;16.146218;1.698823;6.879246;23.673697;78.639190;623.783094;99.085876;727.820776;0.000001;0.969475;274.600577;31.264036;-0.000013;1071.000000;4;4
/mnt/dss_project/nherrmann/innsbruck/level1/S2A_MSIL1C_20240301T101941_N0510_R065_T32TPT_20240301T122141.SAFE/GRANULE/L1C_T32TPT_A045393_20240301T102318;bash;0.039290;17.839311;0.254855;1.805531;16.407230;1.086657;0.000024;1108.021407;100.000000;1109.134277;0.000001;0.407498;282.680718;25.605467;-0.000013;1454.000000;4;4
/mnt/dss_project/nherrmann/innsbruck/level1/S2A_MSIL1C_20240308T100841_N0510_R022_T32TPT_20240308T120958.SAFE/GRANULE/L1C_T32TPT_A045493_20240308T101546;bash;0.037368;22.266515;0.378352;2.141099;18.641610;6.233534;5.574327;48.236296;10.902594;199.148895;37.469635;264.547440;0.000001;13.158966;286.453768;37.580588;-0.000014;645.000000;4;4
/mnt/dss_project/nherrmann/innsbruck/level1/S2A_MSIL1C_20240311T101831_N0510_R065_T32TPT_20240311T122002.SAFE/GRANULE/L1C_T32TPT_A045536_20240311T102207;bash;0.050558;27.191988;0.253824;1.798730;16.309195;4.556721;5.685479;43.687640;19.793255;364.914281;76.314636;432.978084;0.000001;5.924084;299.970661;38.239100;-0.000013;823.000000;4;4
/mnt/dss_project/nherrmann/innsbruck/level1/S2B_MSIL1C_20240306T101759_N0510_R065_T32TPT_20240306T125639.SAFE/GRANULE/L1C_T32TPT_A036556_20240306T102027;bash;0.048129;19.143966;0.254302;1.782832;16.261751;1.082203;0.000025;1105.059776;100.000000;1106.169042;0.000001;0.408059;289.827159;29.294302;-0.000013;1463.000000;4;4
/mnt/dss_project/nherrmann/innsbruck/level1/S2B_MSIL1C_20240313T100709_N0510_R022_T32TPT_20240313T121251.SAFE/GRANULE/L1C_T32TPT_A036656_20240313T101407;bash;0.038191;21.999797;0.280336;1.788239;16.152377;2.660508;6.611826;33.072553;61.342668;705.696964;96.121117;802.798562;0.000001;1.255048;276.640248;25.676065;-0.000014;1146.000000;4;4
/mnt/dss_project/nherrmann/innsbruck/level1/S2B_MSIL1C_20240316T101649_N0510_R065_T32TPT_20240316T125251.SAFE/GRANULE/L1C_T32TPT_A036699_20240316T102010;bash;0.077451;24.880850;0.269001;1.785522;16.509787;2.125499;7.711801;1074.059951;100.000000;1076.211239;0.000001;0.411850;287.144563;34.940446;-0.000014;1443.000000;4;4
/mnt/dss_project/nherrmann/innsbruck/level1/S2A_MSIL1C_20240318T100731_N0510_R022_T32TPT_20240318T120956.SAFE/GRANULE/L1C_T32TPT_A045636_20240318T101434;bash;0.049231;22.218913;0.278871;1.794229;16.074134;0.989185;0.000025;1034.789628;100.000000;1035.804754;0.000001;0.393584;272.285564;26.223846;-0.000031;1375.000000;4;4
/mnt/dss_project/nherrmann/innsbruck/level1/S2A_MSIL1C_20240321T101721_N0510_R065_T32TPT_20240321T122141.SAFE/GRANULE/L1C_T32TPT_A045679_20240321T101853;bash;0.050919;24.909719;0.254824;1.988910;18.322698;1.125471;0.000026;1104.985115;100.000000;1106.135939;0.000001;0.407446;289.628901;29.274928;-0.000014;1471.000000;4;4
/mnt/dss_project/nherrmann/innsbruck/level1/S2B_MSIL1C_20240323T100649_N0510_R022_T32TPT_20240323T121051.SAFE/GRANULE/L1C_T32TPT_A036799_20240323T101128;bash;0.045089;20.369218;0.278826;1.784211;16.178485;1.460669;7.043462;977.607697;100.000000;979.094483;0.000001;0.393717;278.803983;27.976631;-0.000015;1324.000000;4;4
/mnt/dss_project/nherrmann/innsbruck/level1/S2B_MSIL1C_20240326T101639_N0510_R065_T32TPT_20240326T135925.SAFE/GRANULE/L1C_T32TPT_A036842_20240326T102439;bash;0.061864;24.284508;0.254442;1.788587;16.620815;3.423762;7.018071;34.084897;15.137282;323.979351;91.605568;376.651407;0.000001;3.871117;304.578699;36.033644;-0.000013;764.000000;4;4
/mnt/dss_project/nherrmann/innsbruck/level1/S2A_MSIL1C_20240331T101601_N0510_R065_T32TPT_20240331T135958.SAFE/GRANULE/L1C_T32TPT_A045822_20240331T101847;bash;0.056822;25.382782;0.254326;1.787677;16.473839;2.408615;6.539105;45.479022;20.721455;340.062941;90.111115;408.698170;0.000001;6.668606;303.553234;27.421042;-0.000013;790.000000;4;4
/mnt/dss_project/nherrmann/innsbruck/level1/S2A_MSIL1C_20240328T100631_N0510_R022_T32TPT_20240328T120957.SAFE/GRANULE/L1C_T32TPT_A045779_20240328T100900;bash;0.054971;22.942725;0.279007;1.787787;15.963485;0.932229;0.000025;1034.072307;100.000000;1035.029287;0.000001;0.393522;265.028716;18.256284;-0.000015;1360.000000;4;4
