/mnt/terrabyte_dss/Sentinel-2-Col-1/L1C/tiles/32/U/PA/2024/04/S2A_MSIL1C_20240423T102601_N0510_R108_T32UPA_20240423T155013.SAFE;bash;36.237538;350.000000;16;2
/mnt/terrabyte_dss/Sentinel-2-Col-1/L1C/tiles/33/U/UQ/2018/11/S2B_MSIL1C_20181117T100259_N0500_R122_T33UUQ_20230703T210755.SAFE;bash;148.661556;389.000000;16;2
/mnt/terrabyte_dss/Sentinel-2-Col-1/L1C/tiles/32/U/PU/2021/10/S2A_MSIL1C_20211010T100941_N0500_R022_T32UPU_20230110T205441.SAFE;bash;51.803205;668.000000;16;2
/mnt/terrabyte_dss/Sentinel-2-Col-1/L1C/tiles/32/U/PB/2025/05/S2A_MSIL1C_20250510T103031_N0511_R108_T32UPB_20250510T105537.SAFE;bash;81.277106;712.000000;16;2
/mnt/terrabyte_dss/Sentinel-2-Col-1/L1C/tiles/32/U/MA/2022/03/S2A_MSIL1C_20220318T103751_N0510_R008_T32UMA_20240527T061624.SAFE;bash;142.310689;861.000000;16;2
/mnt/terrabyte_dss/Sentinel-2-Col-1/L1C/tiles/33/U/UQ/2024/10/S2B_MSIL1C_20241016T100029_N0511_R122_T33UUQ_20241016T151956.SAFE;bash;146.740241;375.000000;16;2
/mnt/terrabyte_dss/Sentinel-2-Col-1/L1C/tiles/33/U/UP/2024/01/S2B_MSIL1C_20240110T100309_N0510_R122_T33UUP_20240110T105002.SAFE;bash;78.377889;710.000000;16;2
/mnt/terrabyte_dss/Sentinel-2-Col-1/L1C/tiles/32/U/NA/2024/08/S2A_MSIL1C_20240831T103021_N0511_R108_T32UNA_20240831T130645.SAFE;bash;134.721049;1370.000000;16;2
/mnt/terrabyte_dss/Sentinel-2-Col-1/L1C/tiles/32/U/PB/2023/08/S2B_MSIL1C_20230819T101609_N0510_R065_T32UPB_20241018T083027.SAFE;bash;169.580125;1370.000000;16;2
/mnt/terrabyte_dss/Sentinel-2-Col-1/L1C/tiles/32/U/MA/2026/05/S2B_MSIL1C_20260528T102549_N0512_R108_T32UMA_20260528T140532.SAFE;bash;122.546859;1425.000000;16;2
/mnt/terrabyte_dss/Sentinel-2-Col-1/L1C/tiles/33/U/VP/2025/05/S2A_MSIL1C_20250514T101041_N0511_R022_T33UVP_20250514T152942.SAFE;bash;43.949947;558.000000;16;2
/mnt/terrabyte_dss/Sentinel-2-Col-1/L1C/tiles/32/U/QU/2019/02/S2B_MSIL1C_20190218T101059_N0500_R022_T32UQU_20221128T070250.SAFE;bash;142.905781;1433.000000;16;2
/mnt/terrabyte_dss/Sentinel-2-Col-1/L1C/tiles/32/T/NT/2023/08/S2B_MSIL1C_20230816T100559_N0510_R022_T32TNT_20241020T192439.SAFE;bash;32.506702;129.000000;16;2
/mnt/terrabyte_dss/Sentinel-2-Col-1/L1C/tiles/32/T/NT/2022/08/S2B_MSIL1C_20220814T101559_N0510_R065_T32TNT_20240707T151342.SAFE;bash;188.437503;1573.000000;16;2
/mnt/terrabyte_dss/Sentinel-2-Col-1/L1C/tiles/32/U/NA/2019/09/S2A_MSIL1C_20190904T102021_N0500_R065_T32UNA_20230702T101739.SAFE;bash;243.402352;1657.000000;16;2
/mnt/terrabyte_dss/Sentinel-2-Col-1/L1C/tiles/33/U/VQ/2023/08/S2A_MSIL1C_20230811T101031_N0510_R022_T33UVQ_20241015T043550.SAFE;bash;174.115372;1665.000000;16;2
/mnt/terrabyte_dss/Sentinel-2-Col-1/L1C/tiles/32/U/MA/2017/06/S2B_MSIL1C_20170614T103019_N0500_R108_T32UMA_20230904T160334.SAFE;bash;404.682144;1638.000000;16;2
/mnt/terrabyte_dss/Sentinel-2-Col-1/L1C/tiles/32/U/QU/2019/06/S2B_MSIL1C_20190618T101029_N0500_R022_T32UQU_20230805T075457.SAFE;bash;221.416393;1664.000000;16;2
/mnt/terrabyte_dss/Sentinel-2-Col-1/L1C/tiles/32/T/PT/2017/06/S2A_MSIL1C_20170626T102021_N0500_R065_T32TPT_20231008T201548.SAFE;bash;163.462741;1694.000000;16;2
/mnt/terrabyte_dss/Sentinel-2-Col-1/L1C/tiles/33/T/UN/2019/11/S2B_MSIL1C_20191122T100229_N0500_R122_T33TUN_20230802T153000.SAFE;bash;151.178172;832.000000;16;2
/mnt/terrabyte_dss/Sentinel-2-Col-1/L1C/tiles/32/T/QT/2024/07/S2B_MSIL1C_20240731T100559_N0511_R022_T32TQT_20240731T120937.SAFE;bash;252.150659;1831.000000;16;2
/mnt/terrabyte_dss/Sentinel-2-Col-1/L1C/tiles/32/U/QU/2018/07/S2A_MSIL1C_20180728T101031_N0500_R022_T32UQU_20230806T195605.SAFE;bash;380.657053;1681.000000;16;2
/mnt/terrabyte_dss/Sentinel-2-Col-1/L1C/tiles/32/T/QT/2018/11/S2B_MSIL1C_20181123T102339_N0500_R065_T32TQT_20230702T105944.SAFE;bash;153.262239;514.000000;16;2
/mnt/terrabyte_dss/Sentinel-2-Col-1/L1C/tiles/32/T/QT/2026/07/S2A_MSIL1C_20260721T102041_N0512_R065_T32TQT_20260721T153621.SAFE;bash;266.643881;629.000000;16;2
/mnt/terrabyte_dss/Sentinel-2-Col-1/L1C/tiles/32/U/MA/2023/06/S2B_MSIL1C_20230606T103629_N0510_R008_T32UMA_20241002T175615.SAFE;bash;420.735282;923.000000;16;2
/mnt/terrabyte_dss/Sentinel-2-Col-1/L1C/tiles/32/U/QV/2017/06/S2A_MSIL1C_20170613T101031_N0500_R022_T32UQV_20231008T101700.SAFE;bash;445.558091;1710.000000;16;2
/mnt/terrabyte_dss/Sentinel-2-Col-1/L1C/tiles/32/U/QV/2025/06/S2C_MSIL1C_20250611T101041_N0511_R022_T32UQV_20250611T170925.SAFE;bash;730.863532;1624.000000;16;2
/mnt/terrabyte_dss/Sentinel-2-Col-1/L1C/tiles/32/U/NB/2021/04/S2B_MSIL1C_20210421T101549_N0500_R065_T32UNB_20230517T212537.SAFE;bash;778.380064;1436.000000;16;2
/mnt/terrabyte_dss/Sentinel-2-Col-1/L1C/tiles/33/T/UN/2017/03/S2B_MSIL1C_20170330T101019_N0500_R022_T33TUN_20230927T093513.SAFE;bash;653.278056;1506.000000;16;2
/mnt/terrabyte_dss/Sentinel-2-Col-1/L1C/tiles/32/U/PB/2023/07/S2A_MSIL1C_20230715T101601_N0510_R065_T32UPB_20240913T101130.SAFE;bash;1090.627287;1711.000000;16;2
/mnt/terrabyte_dss/Sentinel-2-Col-1/L1C/tiles/32/U/PA/2026/03/S2C_MSIL1C_20260301T101941_N0512_R065_T32UPA_20260301T135953.SAFE;bash;813.023065;1540.000000;16;2
/mnt/terrabyte_dss/Sentinel-2-Col-1/L1C/tiles/33/U/UQ/2026/07/S2C_MSIL1C_20260716T100601_N0512_R022_T33UUQ_20260716T134923.SAFE;bash;846.241088;1569.000000;16;2
/mnt/terrabyte_dss/Sentinel-2-Col-1/L1C/tiles/32/T/PT/2017/03/S2B_MSIL1C_20170320T101509_N0500_R051_T32TPT_20230910T181542.SAFE;bash;1262.750075;2056.000000;16;2
/mnt/terrabyte_dss/Sentinel-2-Col-1/L1C/tiles/33/U/VQ/2024/09/S2B_MSIL1C_20240906T095549_N0511_R122_T33UVQ_20240906T152044.SAFE;bash;1584.980806;2301.000000;16;2
