/mnt/dss_project/nherrmann/innsbruck/level1/S2A_MSIL1C_20240101T102431_N0510_R065_T32TPT_20240101T122107.SAFE/GRANULE/L1C_T32TPT_A044535_20240101T102736;bash;0.064098;7.013636;0.164270;0.474845;2.822226;0.634916;1.062087;7.162187;49.059498;60.269696;94.343628;117.142083;0.000001;0.404185;37.818654;15.107338;-0.000013;181.000000;4;16
/mnt/dss_project/nherrmann/innsbruck/level1/S2A_MSIL1C_20240111T102401_N0510_R065_T32TPT_20240111T122249.SAFE/GRANULE/L1C_T32TPT_A044678_20240111T102734;bash;0.051953;9.074170;0.182418;0.533034;3.121912;0.858305;0.555442;8.176996;0.940189;3.616487;30.365656;13.615278;0.000001;2.515497;46.531357;17.468412;-0.000013;94.000000;4;16
/mnt/dss_project/nherrmann/innsbruck/level1/S2B_MSIL1C_20240103T101329_N0510_R022_T32TPT_20240103T110304.SAFE/GRANULE/L1C_T32TPT_A035655_20240103T101328;bash;0.049110;13.398060;0.160266;0.887419;4.964484;1.049184;1.574683;35.315827;9.460439;94.295887;59.288338;140.147708;0.000001;3.705954;90.499615;22.950490;-0.000027;277.000000;4;16
/mnt/dss_project/nherrmann/innsbruck/level1/S2B_MSIL1C_20240106T102329_N0510_R065_T32TPT_20240106T111405.SAFE/GRANULE/L1C_T32TPT_A035698_20240106T102326;bash;0.050043;16.060154;0.146770;0.803648;4.761977;0.387191;0.000027;290.528239;100.000000;290.942245;0.000001;0.341493;79.244741;19.292462;-0.000013;412.000000;4;16
/mnt/dss_project/nherrmann/innsbruck/level1/S2B_MSIL1C_20240113T101309_N0510_R022_T32TPT_20240113T110023.SAFE/GRANULE/L1C_T32TPT_A035798_20240113T101304;bash;0.056705;17.948450;0.172552;0.938859;5.608476;2.828529;1.454367;33.691090;1.321458;2.761770;16.805122;40.629620;0.000001;6.393913;84.361745;21.434245;-0.000012;178.000000;4;16
/mnt/dss_project/nherrmann/innsbruck/level1/S2A_MSIL1C_20240108T101401_N0510_R022_T32TPT_20240108T105807.SAFE/GRANULE/L1C_T32TPT_A044635_20240108T101404;bash;0.066939;13.858189;0.145835;0.746384;4.486648;0.753993;2.279880;24.511810;146.945131;181.514849;98.444801;353.752689;0.000001;0.506248;81.145874;18.478457;-0.000026;473.000000;4;16
/mnt/dss_project/nherrmann/innsbruck/level1/S2B_MSIL1C_20240116T102259_N0510_R065_T32TPT_20240116T111303.SAFE/GRANULE/L1C_T32TPT_A035841_20240116T102256;bash;0.066049;20.063034;0.155982;0.927364;5.807077;1.567789;2.573702;25.283805;60.305530;180.726964;68.783585;267.911307;0.000001;2.986115;111.810098;24.679368;-0.000014;435.000000;4;16
/mnt/dss_project/nherrmann/innsbruck/level1/S2B_MSIL1C_20240123T101229_N0510_R022_T32TPT_20240123T110055.SAFE/GRANULE/L1C_T32TPT_A035941_20240123T101226;bash;0.052390;14.369768;0.151734;0.772843;4.663437;0.499389;2.395615;259.112549;100.000000;259.639272;0.000001;0.332512;78.223444;18.602413;-0.000013;377.000000;4;16
/mnt/dss_project/nherrmann/innsbruck/level1/S2A_MSIL1C_20240121T102331_N0510_R065_T32TPT_20240121T122146.SAFE/GRANULE/L1C_T32TPT_A044821_20240121T102705;bash;0.052918;14.510305;0.127126;0.730415;4.609686;2.046258;0.000030;290.489896;100.000000;292.564083;0.000001;0.343094;82.559486;19.012742;-0.000011;415.000000;4;16
/mnt/dss_project/nherrmann/innsbruck/level1/S2A_MSIL1C_20240118T101331_N0510_R022_T32TPT_20240118T121139.SAFE/GRANULE/L1C_T32TPT_A044778_20240118T101403;bash;0.062960;15.541435;0.207066;0.882315;4.812115;1.282500;2.316290;29.797299;139.507618;173.261021;98.871841;343.874008;0.000001;0.708090;77.616472;19.059385;-0.000013;463.000000;4;16
/mnt/dss_project/nherrmann/innsbruck/level1/S2A_MSIL1C_20240128T101301_N0510_R022_T32TPT_20240128T105717.SAFE/GRANULE/L1C_T32TPT_A044921_20240128T101353;bash;0.051895;15.469381;0.170922;0.768245;4.914829;1.268532;1.233511;46.119138;1.331835;3.595507;17.580933;52.341805;0.000001;7.374629;80.205732;21.552516;-0.000013;183.000000;4;16
/mnt/dss_project/nherrmann/innsbruck/level1/S2A_MSIL1C_20240131T102251_N0510_R065_T32TPT_20240131T122138.SAFE/GRANULE/L1C_T32TPT_A044964_20240131T102625;bash;0.064829;18.801772;0.127502;0.926646;5.008341;1.483132;2.320225;29.247475;26.519842;91.067058;93.263290;148.343592;0.000001;1.249208;91.374087;24.240535;-0.000014;290.000000;4;16
/mnt/dss_project/nherrmann/innsbruck/level1/S2B_MSIL1C_20240126T102219_N0510_R065_T32TPT_20240126T111247.SAFE/GRANULE/L1C_T32TPT_A035984_20240126T102216;bash;0.068620;22.178736;0.153067;0.924436;6.738531;1.260139;3.341651;27.104973;89.446286;183.168103;90.608337;301.008102;0.000001;1.236191;91.193561;22.331082;-0.000010;446.000000;4;16
/mnt/dss_project/nherrmann/innsbruck/level1/S2B_MSIL1C_20240205T102129_N0510_R065_T32TPT_20240205T122515.SAFE/GRANULE/L1C_T32TPT_A036127_20240205T102125;bash;0.052773;21.001213;0.152984;1.010646;6.871981;1.868122;1.587706;55.085750;1.436833;2.447468;25.873877;60.865767;0.000001;7.255615;88.216547;23.365202;-0.000012;209.000000;4;16
/mnt/dss_project/nherrmann/innsbruck/level1/S2B_MSIL1C_20240202T101139_N0510_R022_T32TPT_20240202T110551.SAFE/GRANULE/L1C_T32TPT_A036084_20240202T101136;bash;0.050387;15.880263;0.160827;0.700611;4.545321;0.604023;2.247279;18.070468;104.853496;172.011425;94.799561;295.566027;0.000001;0.814945;79.652681;19.037216;-0.000014;417.000000;4;16
/mnt/dss_project/nherrmann/innsbruck/level1/S2A_MSIL1C_20240207T101201_N0510_R022_T32TPT_20240207T105710.SAFE/GRANULE/L1C_T32TPT_A045064_20240207T101300;bash;0.094360;14.582368;0.172735;0.944724;4.912601;0.914277;2.023298;26.784840;65.931020;104.697335;88.549286;198.352685;0.000001;2.913674;95.971029;20.377363;-0.000014;338.000000;4;16
/mnt/dss_project/nherrmann/innsbruck/level1/S2A_MSIL1C_20240210T102151_N0510_R065_T32TPT_20240210T121948.SAFE/GRANULE/L1C_T32TPT_A045107_20240210T102529;bash;0.051142;17.481172;0.150952;0.818143;4.645689;0.689009;2.566064;18.631940;72.970783;127.169445;98.580589;219.486097;0.000001;0.561622;100.751952;23.178757;-0.000013;367.000000;4;16
/mnt/dss_project/nherrmann/innsbruck/level1/S2B_MSIL1C_20240215T102029_N0510_R065_T32TPT_20240215T140022.SAFE/GRANULE/L1C_T32TPT_A036270_20240215T102728;bash;0.051476;16.121339;0.140500;0.914698;5.483893;1.700395;1.632410;57.629178;2.291961;14.826200;45.463718;76.487522;0.000001;7.100176;102.785267;25.250147;-0.000012;235.000000;4;16
/mnt/dss_project/nherrmann/innsbruck/level1/S2B_MSIL1C_20240212T101039_N0510_R022_T32TPT_20240212T110649.SAFE/GRANULE/L1C_T32TPT_A036227_20240212T101040;bash;0.051771;12.165184;0.140771;0.696017;4.472419;1.002870;2.187095;37.427202;83.846508;159.740260;96.832504;282.047089;0.000001;0.634735;80.170825;19.166302;-0.000025;399.000000;4;16
/mnt/dss_project/nherrmann/innsbruck/level1/S2B_MSIL1C_20240222T100939_N0510_R022_T32TPT_20240222T120930.SAFE/GRANULE/L1C_T32TPT_A036370_20240222T100934;bash;0.051975;14.941155;0.183733;0.927170;5.643948;0.525029;2.508862;15.799200;51.921961;102.375267;98.763420;170.646191;0.000001;0.475197;97.930600;21.314220;-0.000014;313.000000;4;16
/mnt/dss_project/nherrmann/innsbruck/level1/S2A_MSIL1C_20240217T101101_N0510_R022_T32TPT_20240217T105711.SAFE/GRANULE/L1C_T32TPT_A045207_20240217T101159;bash;0.053270;15.812289;0.148454;0.762673;5.354168;0.454758;2.363531;253.171860;100.000000;253.649312;0.000001;0.332632;90.308071;19.325417;-0.000014;385.000000;4;16
/mnt/dss_project/nherrmann/innsbruck/level1/S2B_MSIL1C_20240225T101919_N0510_R065_T32TPT_20240225T125121.SAFE/GRANULE/L1C_T32TPT_A036413_20240225T102308;bash;0.052501;17.217789;0.131093;0.893723;5.707612;1.492628;1.804897;51.312060;19.555052;55.964654;55.752911;128.349379;0.000001;7.979528;93.724202;22.223074;-0.000013;276.000000;4;16
/mnt/dss_project/nherrmann/innsbruck/level1/S2A_MSIL1C_20240220T102051_N0510_R065_T32TPT_20240220T122157.SAFE/GRANULE/L1C_T32TPT_A045250_20240220T102204;bash;0.085458;17.094739;0.138550;0.965973;5.477910;0.921047;2.703138;29.708365;119.839488;254.671589;99.698235;405.167562;0.000001;0.388612;89.917879;21.462622;-0.000014;541.000000;4;16
/mnt/dss_project/nherrmann/innsbruck/level1/S2A_MSIL1C_20240227T100951_N0510_R022_T32TPT_20240227T121636.SAFE/GRANULE/L1C_T32TPT_A045350_20240227T101649;bash;0.063669;17.067844;0.161709;0.828640;5.313075;0.908375;2.422255;28.828504;59.182034;161.234253;92.788345;250.191574;0.000001;1.201634;112.865402;20.784306;-0.000014;409.000000;4;16
/mnt/dss_project/nherrmann/innsbruck/level1/S2A_MSIL1C_20240301T101941_N0510_R065_T32TPT_20240301T122141.SAFE/GRANULE/L1C_T32TPT_A045393_20240301T102318;bash;0.051336;13.358156;0.129195;0.652008;4.580452;0.460640;0.000022;295.784038;100.000000;296.282158;0.000001;0.413807;95.832741;18.619230;-0.000012;430.000000;4;16
/mnt/dss_project/nherrmann/innsbruck/level1/S2B_MSIL1C_20240303T100819_N0510_R022_T32TPT_20240303T121438.SAFE/GRANULE/L1C_T32TPT_A036513_20240303T101326;bash;0.054859;14.673481;0.154027;0.843292;5.399665;0.562447;2.366976;19.155613;92.746997;168.092910;99.085876;280.589116;0.000001;0.672709;87.764095;18.544514;-0.000013;409.000000;4;16
/mnt/dss_project/nherrmann/innsbruck/level1/S2B_MSIL1C_20240306T101759_N0510_R065_T32TPT_20240306T125639.SAFE/GRANULE/L1C_T32TPT_A036556_20240306T102027;bash;0.060385;15.815189;0.135659;0.921598;5.861526;0.576410;0.000025;292.297504;100.000000;292.900386;0.000001;0.341864;85.955602;19.459372;-0.000012;421.000000;4;16
/mnt/dss_project/nherrmann/innsbruck/level1/S2A_MSIL1C_20240308T100841_N0510_R022_T32TPT_20240308T120958.SAFE/GRANULE/L1C_T32TPT_A045493_20240308T101546;bash;0.063202;18.420899;0.175887;0.956629;5.286821;1.647647;1.753161;49.400283;11.092077;83.044461;37.469635;145.210542;0.000001;5.187487;90.819401;22.967728;-0.000024;289.000000;4;16
/mnt/dss_project/nherrmann/innsbruck/level1/S2A_MSIL1C_20240311T101831_N0510_R065_T32TPT_20240311T122002.SAFE/GRANULE/L1C_T32TPT_A045536_20240311T102207;bash;0.051990;15.243384;0.148036;0.742128;4.931359;1.316387;1.858511;40.101021;15.154431;106.081787;76.314636;162.681705;0.000001;2.602216;105.988563;22.300397;-0.000014;315.000000;4;16
/mnt/dss_project/nherrmann/innsbruck/level1/S2B_MSIL1C_20240313T100709_N0510_R022_T32TPT_20240313T121251.SAFE/GRANULE/L1C_T32TPT_A036656_20240313T101407;bash;0.051631;14.314231;0.160291;0.907518;5.765185;0.881009;2.444972;29.319896;61.689404;179.730145;96.121117;271.646752;0.000001;0.704271;101.415629;21.352468;-0.000027;416.000000;4;16
/mnt/dss_project/nherrmann/innsbruck/level1/S2B_MSIL1C_20240316T101649_N0510_R065_T32TPT_20240316T125251.SAFE/GRANULE/L1C_T32TPT_A036699_20240316T102010;bash;0.052742;16.365167;0.146953;0.923196;5.891560;0.688187;3.046064;270.397422;100.000000;271.113195;0.000001;0.354633;122.238463;21.106836;-0.000015;438.000000;4;16
/mnt/dss_project/nherrmann/innsbruck/level1/S2A_MSIL1C_20240318T100731_N0510_R022_T32TPT_20240318T120956.SAFE/GRANULE/L1C_T32TPT_A045636_20240318T101434;bash;0.072414;17.731179;0.174860;0.932527;5.769990;0.570762;0.000025;280.627776;100.000000;281.236638;0.000001;0.358127;93.655679;17.982240;-0.000014;418.000000;4;16
/mnt/dss_project/nherrmann/innsbruck/level1/S2A_MSIL1C_20240321T101721_N0510_R065_T32TPT_20240321T122141.SAFE/GRANULE/L1C_T32TPT_A045679_20240321T101853;bash;0.073689;19.295336;0.197127;1.082384;6.675555;0.580969;0.000024;297.326422;100.000000;297.933515;0.000001;0.345405;104.867800;22.074558;-0.000013;453.000000;4;16
/mnt/dss_project/nherrmann/innsbruck/level1/S2B_MSIL1C_20240323T100649_N0510_R022_T32TPT_20240323T121051.SAFE/GRANULE/L1C_T32TPT_A036799_20240323T101128;bash;0.090302;19.892877;0.182096;0.937427;6.528304;0.658673;2.755780;262.468912;100.000000;263.153766;0.000001;0.334088;89.509541;17.974394;-0.000013;398.000000;4;16
/mnt/dss_project/nherrmann/innsbruck/level1/S2B_MSIL1C_20240326T101639_N0510_R065_T32TPT_20240326T135925.SAFE/GRANULE/L1C_T32TPT_A036842_20240326T102439;bash;0.073730;18.375743;0.153741;0.893395;5.265060;1.113686;2.384725;30.452531;12.684656;109.042014;91.605568;153.320739;0.000001;1.568173;92.927436;21.628301;-0.000014;295.000000;4;16
/mnt/dss_project/nherrmann/innsbruck/level1/S2A_MSIL1C_20240328T100631_N0510_R022_T32TPT_20240328T120957.SAFE/GRANULE/L1C_T32TPT_A045779_20240328T100900;bash;0.051149;14.170753;0.172539;0.800040;5.447414;0.444045;0.000024;271.381384;100.000000;271.853254;0.000001;0.330055;78.167053;17.494293;-0.000013;389.000000;4;16
/mnt/dss_project/nherrmann/innsbruck/level1/S2A_MSIL1C_20240331T101601_N0510_R065_T32TPT_20240331T135958.SAFE/GRANULE/L1C_T32TPT_A045822_20240331T101847;bash;0.054057;16.489851;0.128251;0.878679;5.374097;1.084586;2.184955;41.906320;14.510622;114.952532;90.111115;172.480591;0.000001;2.175552;89.944521;19.864496;-0.000024;308.000000;4;16
