/mnt/dss_project/nherrmann/innsbruck/level1/S2A_MSIL1C_20240111T102401_N0510_R065_T32TPT_20240111T122249.SAFE/GRANULE/L1C_T32TPT_A044678_20240111T102734;bash;0.110718;16.518710;0.465502;6.477766;75.262476;4.200700;6.462185;14.138250;2.652834;1.797661;30.365656;29.268511;0.000001;19.322987;0.370751;6.962443;0.554646;25.748812;123.022656;0.000000;25.433513;0.000000;0.000005;110.464108;0.772032;0.042977;79.309344;0.000005;0.000010;190.588530;0.012479;21.557145;2.432311;1.254206;0.003724;241.352790;398.026542;35.861916;0.184924;581.000000;16;1
/mnt/dss_project/nherrmann/innsbruck/level1/S2A_MSIL1C_20240101T102431_N0510_R065_T32TPT_20240101T122107.SAFE/GRANULE/L1C_T32TPT_A044535_20240101T102736;bash;0.044919;9.168529;0.471388;3.464854;82.768599;5.937289;13.309750;12.759373;29.099751;27.127480;94.343628;88.249551;0.000001;2.457877;0.397418;5.939780;0.591561;25.941496;167.766518;0.000000;22.994083;0.000000;0.000004;101.248607;0.675599;0.047118;60.654910;0.000006;0.000008;162.626302;0.011922;23.477516;2.475231;1.628220;0.003569;213.288979;413.940408;27.595584;0.038315;629.000000;16;1
/mnt/dss_project/nherrmann/innsbruck/level1/S2B_MSIL1C_20240103T101329_N0510_R022_T32TPT_20240103T110304.SAFE/GRANULE/L1C_T32TPT_A035655_20240103T101328;bash;0.095342;23.144045;1.638624;9.317709;106.674117;6.577028;17.288337;50.577166;18.965673;17.442532;59.288338;110.878149;0.000001;32.665957;0.913099;16.803723;1.288538;29.561154;334.147535;0.000000;42.113415;0.000000;0.000003;253.116510;0.404545;0.075282;210.694105;0.000005;0.000010;464.290520;0.027479;33.871421;4.523479;2.956523;0.007407;547.936949;930.666006;42.908352;0.192075;1259.000000;16;1
/mnt/dss_project/nherrmann/innsbruck/level1/S2B_MSIL1C_20240106T102329_N0510_R065_T32TPT_20240106T111405.SAFE/GRANULE/L1C_T32TPT_A035698_20240106T102326;bash;0.036143;24.638484;1.472841;10.996777;103.814863;3.196125;0.000000;0.000000;0.000000;149.143436;100.000000;152.362940;0.000001;0.679357;0.953604;9.984354;1.308002;25.625591;435.393614;0.000000;41.935396;0.000000;0.000004;244.261301;0.160753;0.078314;135.501539;0.000005;0.000008;380.001978;0.000244;35.755829;4.950143;3.258479;0.006317;466.066115;939.347032;38.122817;0.026704;1272.000000;16;1
/mnt/dss_project/nherrmann/innsbruck/level1/S2B_MSIL1C_20240113T101309_N0510_R022_T32TPT_20240113T110023.SAFE/GRANULE/L1C_T32TPT_A035798_20240113T101304;bash;0.035977;37.745465;3.256271;22.086070;71.764876;10.398962;15.010298;61.263690;3.037235;2.216148;16.805122;91.954496;0.000001;57.310283;0.938681;17.932833;1.211989;35.371497;328.718021;0.000000;41.460250;0.000000;0.000003;241.099703;0.435168;0.083801;226.560531;0.000005;0.000008;468.179271;0.024347;33.703931;4.588799;3.269705;0.006264;551.377499;935.565595;42.368270;0.491223;1262.000000;16;1
/mnt/dss_project/nherrmann/innsbruck/level1/S2B_MSIL1C_20240123T101229_N0510_R022_T32TPT_20240123T110055.SAFE/GRANULE/L1C_T32TPT_A035941_20240123T101226;bash;0.136862;50.635849;2.162871;9.958370;62.245875;3.481451;26.484441;0.000000;0.000000;134.218357;100.000000;164.215975;0.000001;0.679457;0.959284;10.187738;1.279641;25.976377;437.897931;0.000000;43.928437;0.000000;0.000005;224.022945;0.431988;0.075053;141.808905;0.000005;0.000007;366.338968;0.017799;40.171981;5.681887;5.178100;0.008982;461.480731;937.797554;36.520039;0.137779;1264.000000;16;1
/mnt/dss_project/nherrmann/innsbruck/level1/S2A_MSIL1C_20240128T101301_N0510_R022_T32TPT_20240128T105717.SAFE/GRANULE/L1C_T32TPT_A044921_20240128T101353;bash;0.113825;49.958366;1.181758;6.307249;62.277707;7.003945;15.234489;64.456760;3.279001;2.434076;17.580933;92.437850;0.000001;62.069579;0.880914;23.139328;1.700118;28.417128;356.233109;0.000000;41.351053;0.000000;0.000005;236.420394;0.440435;0.082604;223.674215;0.000006;0.000009;460.617722;0.026963;49.835304;7.370792;5.523382;0.008730;564.888056;975.274828;46.158021;0.184145;1296.000000;16;1
/mnt/dss_project/nherrmann/innsbruck/level1/S2A_MSIL1C_20240118T101331_N0510_R022_T32TPT_20240118T121139.SAFE/GRANULE/L1C_T32TPT_A044778_20240118T101403;bash;0.078732;48.373668;3.096846;16.579812;63.400056;6.006483;25.232190;43.294049;73.095514;77.027693;98.871841;224.683311;0.000001;1.531913;0.884851;9.285748;1.334347;25.892948;392.217283;0.000000;40.997941;0.000000;0.000003;233.602663;0.442739;0.085971;158.364476;0.000005;0.000009;392.495926;0.027323;47.645469;6.071427;3.923111;0.004986;491.326861;920.958706;38.746920;0.187471;1317.000000;16;1
/mnt/dss_project/nherrmann/innsbruck/level1/S2A_MSIL1C_20240121T102331_N0510_R065_T32TPT_20240121T122146.SAFE/GRANULE/L1C_T32TPT_A044821_20240121T102705;bash;0.088887;52.918319;2.069635;10.339477;63.861555;7.368747;0.000000;0.000000;0.000000;149.000512;100.000000;156.397413;0.000001;0.670671;0.951346;10.767832;1.330549;26.283301;474.347061;0.000000;40.600962;0.000000;0.000004;243.738556;0.159855;0.079242;146.412663;0.000006;0.000009;390.390386;0.024477;55.528925;4.030987;4.138423;0.019360;494.958377;1008.655670;40.077589;0.408840;1335.000000;16;1
/mnt/dss_project/nherrmann/innsbruck/level1/S2B_MSIL1C_20240202T101139_N0510_R022_T32TPT_20240202T110551.SAFE/GRANULE/L1C_T32TPT_A036084_20240202T101136;bash;0.135929;41.604855;0.944639;6.225594;62.067480;3.777310;25.916258;34.020159;55.561026;72.991737;94.799561;192.294038;0.000001;5.407521;0.884959;10.079050;1.342623;24.154009;426.954575;0.000000;40.938846;0.000000;0.000003;223.916156;0.445568;0.077082;166.853814;0.000004;0.000009;391.292692;0.025922;55.173086;6.250825;3.400446;0.009456;497.315612;960.759388;41.234405;0.172778;1311.000000;16;1
/mnt/dss_project/nherrmann/innsbruck/level1/S2A_MSIL1C_20240108T101401_N0510_R022_T32TPT_20240108T105807.SAFE/GRANULE/L1C_T32TPT_A044635_20240108T101404;bash;0.074060;24.144428;1.221777;15.524106;94.422091;4.867747;26.003814;47.335541;75.730977;76.115939;98.444801;230.085157;0.000001;2.096714;1.106223;11.163284;1.765850;37.237198;424.579665;0.000000;41.111082;0.000000;0.000004;234.129514;0.419935;0.080989;188.640178;0.000006;0.000009;423.270692;0.027141;56.718995;7.696857;5.358055;0.021722;534.483035;1010.351271;36.652829;0.153226;1414.000000;16;1
/mnt/dss_project/nherrmann/innsbruck/level1/S2A_MSIL1C_20240207T101201_N0510_R022_T32TPT_20240207T105710.SAFE/GRANULE/L1C_T32TPT_A045064_20240207T101300;bash;0.139023;35.297502;0.823095;6.186367;62.281963;5.228207;21.866656;38.835874;42.204997;48.474635;88.549286;156.647124;0.000001;11.518912;0.945301;13.459739;1.297702;23.930510;451.868452;0.000000;40.996886;0.000000;0.000003;225.381335;0.439936;0.077396;214.004500;0.000005;0.000007;439.903234;0.027738;58.015319;9.229397;4.989474;0.006612;553.327415;1044.845250;42.701467;0.153136;1361.000000;16;1
/mnt/dss_project/nherrmann/innsbruck/level1/S2A_MSIL1C_20240131T102251_N0510_R065_T32TPT_20240131T122138.SAFE/GRANULE/L1C_T32TPT_A044964_20240131T102625;bash;0.132679;47.070857;0.811966;6.141481;63.200323;6.034719;26.434928;41.913694;34.755682;38.448047;93.263290;147.614945;0.000001;6.707824;0.988229;11.849097;1.602606;26.876517;481.681474;0.000000;40.513609;0.000000;0.000003;244.632195;0.159826;0.079287;255.303266;0.000005;0.000008;500.174640;0.028162;42.930934;6.704225;5.648773;0.006907;596.167962;1119.181626;45.787911;0.125658;1437.000000;16;1
/mnt/dss_project/nherrmann/innsbruck/level1/S2B_MSIL1C_20240126T102219_N0510_R065_T32TPT_20240126T111247.SAFE/GRANULE/L1C_T32TPT_A035984_20240126T102216;bash;0.117686;50.572380;1.244348;7.824698;63.386599;5.653924;29.196236;48.045852;54.907220;58.702958;90.608337;196.534444;0.000001;8.520033;0.959141;10.002010;1.454896;25.561755;472.888227;0.000000;42.341244;0.000000;0.000003;246.567937;0.184536;0.078384;235.990501;0.000005;0.000009;482.821439;0.027838;41.771880;4.205075;3.148276;0.006134;574.485607;1085.368202;47.702126;0.117548;1461.000000;16;1
/mnt/dss_project/nherrmann/innsbruck/level1/S2B_MSIL1C_20240116T102259_N0510_R065_T32TPT_20240116T111303.SAFE/GRANULE/L1C_T32TPT_A035841_20240116T102256;bash;0.080715;47.522529;3.955465;17.392518;66.413168;8.037470;25.252353;54.240201;36.622305;39.178087;68.783585;163.358295;0.000001;25.626238;0.949074;10.047632;1.399916;29.905624;472.621210;0.000000;43.883831;0.000000;0.000004;254.391616;0.171389;0.073391;267.074497;0.000005;0.000009;521.710969;0.027432;43.472193;4.460223;4.230474;0.012242;617.998519;1132.937594;52.655789;0.174574;1510.000000;16;1
/mnt/dss_project/nherrmann/innsbruck/level1/S2B_MSIL1C_20240205T102129_N0510_R065_T32TPT_20240205T122515.SAFE/GRANULE/L1C_T32TPT_A036127_20240205T102125;bash;0.148653;39.409451;0.808573;6.367894;62.987864;8.523457;14.799225;74.991143;2.690858;2.164878;25.873877;103.198225;0.000001;63.189103;0.992636;21.591231;1.895711;27.753491;461.246587;0.000000;41.778438;0.000000;0.000004;256.099314;0.163466;0.074270;307.949671;0.000005;0.000009;564.286793;0.035252;44.968597;6.875025;5.848075;0.007929;663.986361;1177.500830;49.353066;0.163720;1503.000000;16;1
/mnt/dss_project/nherrmann/innsbruck/level1/S2B_MSIL1C_20240212T101039_N0510_R022_T32TPT_20240212T110649.SAFE/GRANULE/L1C_T32TPT_A036227_20240212T101040;bash;0.066187;32.030043;0.813244;6.025735;62.413157;5.577131;28.579459;61.435801;62.945330;68.444434;96.832504;227.009887;0.000001;3.216322;0.902539;10.733330;1.304471;22.272510;475.328559;0.000000;47.019829;0.000000;0.000004;242.198791;0.413289;0.073769;164.673512;0.000005;0.000009;407.359435;0.028067;33.964259;4.334112;2.955924;0.005681;495.827283;1006.383436;28.465078;0.173168;1366.000000;16;1
/mnt/dss_project/nherrmann/innsbruck/level1/S2A_MSIL1C_20240210T102151_N0510_R065_T32TPT_20240210T121948.SAFE/GRANULE/L1C_T32TPT_A045107_20240210T102529;bash;0.075158;27.800643;1.600765;10.228878;66.264739;4.237231;29.702294;32.281888;49.524956;58.097228;98.580589;173.868814;0.000001;2.031689;0.951700;9.830048;1.441080;25.128768;538.096914;0.000000;56.858839;0.000000;0.000003;263.561750;0.161233;0.085160;183.345290;0.000005;0.000009;447.153509;0.028275;37.597050;4.200522;3.191169;0.005853;549.189108;1124.654130;38.686253;0.105889;1446.000000;16;1
/mnt/dss_project/nherrmann/innsbruck/level1/S2A_MSIL1C_20240217T101101_N0510_R022_T32TPT_20240217T105711.SAFE/GRANULE/L1C_T32TPT_A045207_20240217T101159;bash;0.111150;38.681799;1.292480;7.384064;96.256967;4.342977;34.625960;0.000000;0.000000;157.874511;100.000000;196.871820;0.000001;0.646908;0.884068;9.720264;1.180881;21.667389;451.312617;0.000000;41.000492;0.000000;0.000003;223.936915;0.421257;0.082105;144.805193;0.000005;0.000010;369.245542;0.028209;33.893216;4.304931;2.940323;0.004428;451.581164;936.362199;31.459494;0.013997;1309.000000;16;1
/mnt/dss_project/nherrmann/innsbruck/level1/S2B_MSIL1C_20240222T100939_N0510_R022_T32TPT_20240222T120930.SAFE/GRANULE/L1C_T32TPT_A036370_20240222T100934;bash;0.113080;33.540342;1.083155;6.933746;105.031644;3.731646;30.597509;36.073723;44.086992;48.810097;98.763420;163.323176;0.000001;1.909971;0.926477;10.172096;1.246167;21.088938;452.008523;0.000000;41.304779;0.000000;0.000004;221.651688;0.413984;0.083437;184.630410;0.000006;0.000008;406.779593;0.028289;36.610166;5.048307;5.146611;0.006488;495.086485;980.544385;39.888245;0.188920;1332.000000;16;1
/mnt/dss_project/nherrmann/innsbruck/level1/S2A_MSIL1C_20240227T100951_N0510_R022_T32TPT_20240227T121636.SAFE/GRANULE/L1C_T32TPT_A045350_20240227T101649;bash;0.097371;36.955011;0.800322;8.932883;77.643847;6.280254;32.824552;70.639150;39.943832;56.929032;92.788345;206.645155;0.000001;6.960007;0.893002;10.466139;1.366957;19.521853;459.793865;0.000000;41.147777;0.000000;0.000004;231.199242;0.409643;0.080840;181.902173;0.000005;0.000009;413.591978;0.029751;36.009837;4.202851;3.029440;0.006737;498.167652;990.225124;44.213617;0.227595;1373.000000;16;1
/mnt/dss_project/nherrmann/innsbruck/level1/S2B_MSIL1C_20240303T100819_N0510_R022_T32TPT_20240303T121438.SAFE/GRANULE/L1C_T32TPT_A036513_20240303T101326;bash;0.081369;30.855113;1.088089;7.999142;84.028840;7.433408;40.854515;41.310610;45.399750;73.122029;99.085876;208.145828;0.000001;1.465240;0.891250;10.628879;1.342560;20.765378;465.797536;0.000000;41.055073;0.000000;0.000004;225.337588;0.431593;0.080090;166.466514;0.000005;0.000009;392.315859;0.027333;35.763457;4.143707;3.054398;0.011249;476.591462;976.035198;40.666445;0.257231;1350.000000;16;1
/mnt/dss_project/nherrmann/innsbruck/level1/S2A_MSIL1C_20240301T101941_N0510_R065_T32TPT_20240301T122141.SAFE/GRANULE/L1C_T32TPT_A045393_20240301T102318;bash;0.142004;30.924141;1.485515;7.477470;89.931827;4.354947;0.000000;0.000000;0.000000;168.364106;100.000000;172.746552;0.000001;0.670707;0.946637;9.158169;1.257363;17.117848;531.517084;0.000000;42.128180;0.000000;0.000004;247.542666;0.160742;0.081294;144.370617;0.000005;0.000008;392.155392;0.000250;36.171956;4.230025;4.636247;0.006272;479.501094;1039.521676;43.497798;0.145969;1386.000000;16;1
/mnt/dss_project/nherrmann/innsbruck/level1/S2B_MSIL1C_20240215T102029_N0510_R065_T32TPT_20240215T140022.SAFE/GRANULE/L1C_T32TPT_A036270_20240215T102728;bash;0.133544;36.450579;1.683950;9.925818;103.055271;11.722718;27.883058;88.218021;10.475189;10.466417;45.463718;148.810505;0.000001;50.134927;0.949207;20.231505;1.336532;22.881212;467.856754;0.000000;41.718499;0.000000;0.000003;252.059369;0.162451;0.082131;239.617386;0.000005;0.000009;491.921408;0.068864;37.502367;5.766308;3.927724;0.009597;581.092851;1094.365431;61.139648;0.279451;1506.000000;16;1
/mnt/dss_project/nherrmann/innsbruck/level1/S2A_MSIL1C_20240220T102051_N0510_R065_T32TPT_20240220T122157.SAFE/GRANULE/L1C_T32TPT_A045250_20240220T102204;bash;0.146013;37.598556;0.917296;7.339422;93.536136;8.582196;40.001813;62.331367;80.678838;123.059987;99.698235;314.678189;0.000001;0.998005;0.950330;10.081492;1.448732;20.123794;455.166880;0.000000;41.869021;0.000000;0.000004;247.705382;0.160545;0.075488;170.687887;0.000005;0.000009;418.629376;0.040567;43.995026;7.894553;3.506244;0.005521;516.093492;1003.880546;51.352445;0.188875;1510.000000;16;1
/mnt/dss_project/nherrmann/innsbruck/level1/S2B_MSIL1C_20240306T101759_N0510_R065_T32TPT_20240306T125639.SAFE/GRANULE/L1C_T32TPT_A036556_20240306T102027;bash;0.103217;29.273123;0.814654;7.962805;89.646427;3.768071;0.000000;0.000000;0.000000;153.006746;100.000000;156.797370;0.000001;0.673378;0.967820;10.100417;1.285616;17.337871;523.446629;0.000000;41.574343;0.000000;0.000003;247.721484;0.159921;0.079235;149.320835;0.000005;0.000009;397.281545;0.027362;45.650141;4.551213;3.681394;0.006142;492.939565;1046.095099;44.222415;0.212342;1376.000000;16;1
/mnt/dss_project/nherrmann/innsbruck/level1/S2A_MSIL1C_20240308T100841_N0510_R022_T32TPT_20240308T120958.SAFE/GRANULE/L1C_T32TPT_A045493_20240308T101546;bash;0.092310;33.437571;0.817403;6.617579;89.085285;9.542181;22.262194;66.768775;10.837907;17.769477;37.469635;127.208081;0.000001;46.028879;0.898828;20.124048;1.237440;19.265364;426.820490;0.000000;41.232561;0.000000;0.000003;242.896922;0.397757;0.078628;220.447910;0.000005;0.000009;463.821286;0.028639;48.248755;4.511911;2.995134;0.006866;560.997211;1029.359098;45.139549;0.136610;1378.000000;16;1
/mnt/dss_project/nherrmann/innsbruck/level1/S2B_MSIL1C_20240225T101919_N0510_R065_T32TPT_20240225T125121.SAFE/GRANULE/L1C_T32TPT_A036413_20240225T102308;bash;0.082502;38.790105;1.179542;8.191194;76.839703;8.082433;23.507019;93.903069;17.939478;23.608364;55.752911;167.067204;0.000001;38.834674;0.947798;20.570577;1.356737;21.071246;450.021907;0.000000;42.008686;0.000000;0.000003;254.027506;0.162308;0.082660;236.942911;0.000006;0.000011;491.215458;0.034764;44.417732;5.147866;3.186882;0.007248;586.187641;1080.172511;52.318844;0.159334;1464.000000;16;1
/mnt/dss_project/nherrmann/innsbruck/level1/S2B_MSIL1C_20240313T100709_N0510_R022_T32TPT_20240313T121251.SAFE/GRANULE/L1C_T32TPT_A036656_20240313T101407;bash;0.091623;39.058518;0.852229;6.816909;65.809491;5.119179;24.552513;47.933479;35.160644;66.951634;96.121117;179.739608;0.000001;3.567080;0.885036;10.705162;1.337069;16.469847;458.191242;0.000000;41.059407;0.000000;0.000004;234.555011;0.491938;0.081453;194.818124;0.000006;0.000010;429.946596;0.049013;45.670906;4.173442;3.096534;0.006342;524.178967;1011.783715;31.362241;0.032959;1339.000000;16;1
/mnt/dss_project/nherrmann/innsbruck/level1/S2A_MSIL1C_20240318T100731_N0510_R022_T32TPT_20240318T120956.SAFE/GRANULE/L1C_T32TPT_A045636_20240318T101434;bash;0.075584;46.638094;0.798793;6.102061;62.010593;3.028602;0.000000;0.000000;0.000000;140.911339;100.000000;143.956731;0.000001;0.978493;0.931085;10.090164;1.256232;14.744389;495.644875;0.000000;42.680522;0.000000;0.000007;239.014939;0.496892;0.103091;169.025511;0.000006;0.000009;408.640517;0.000277;36.248204;4.044866;2.949253;0.006199;494.717457;1017.400870;30.591220;0.090890;1309.000000;16;1
/mnt/dss_project/nherrmann/innsbruck/level1/S2B_MSIL1C_20240316T101649_N0510_R065_T32TPT_20240316T125251.SAFE/GRANULE/L1C_T32TPT_A036699_20240316T102010;bash;0.122207;31.459177;0.857926;6.123435;64.547096;4.632924;28.223269;0.000000;0.000000;131.449665;100.000000;164.332812;0.000001;0.678289;0.965618;10.306914;1.181124;15.103326;498.568371;0.000000;42.093364;0.000000;0.000003;260.734195;0.162420;0.090512;184.392191;0.000005;0.000008;445.379390;0.030562;36.669597;4.286982;3.269931;0.004627;531.905382;1058.048227;37.351732;0.057464;1364.000000;16;1
/mnt/dss_project/nherrmann/innsbruck/level1/S2A_MSIL1C_20240311T101831_N0510_R065_T32TPT_20240311T122002.SAFE/GRANULE/L1C_T32TPT_A045536_20240311T102207;bash;0.131633;38.596049;0.812305;7.386617;72.214528;7.343886;21.849019;51.162154;16.427703;30.099585;76.314636;126.909967;0.000001;19.914522;0.951122;13.257800;1.382708;18.034778;486.363796;0.000000;42.520261;0.000000;0.000003;253.098111;0.163236;0.080908;256.829118;0.000008;0.000011;510.171457;0.039463;34.764239;4.484242;3.172377;0.007556;595.311093;1115.318336;34.001616;0.133649;1416.000000;16;1
/mnt/dss_project/nherrmann/innsbruck/level1/S2B_MSIL1C_20240323T100649_N0510_R022_T32TPT_20240323T121051.SAFE/GRANULE/L1C_T32TPT_A036799_20240323T101128;bash;0.067011;28.645624;0.796520;6.029823;62.216727;3.681394;26.329377;0.000000;0.000000;134.031589;100.000000;164.069697;0.000001;0.646972;0.896725;10.415063;1.189505;14.315381;540.258293;0.000000;41.436240;0.000000;0.000003;222.670236;0.412756;0.077493;142.569383;0.000006;0.000009;365.729946;0.028277;33.736806;3.973814;2.933263;0.004425;447.992938;1015.083226;22.840583;0.085483;1300.000000;16;1
/mnt/dss_project/nherrmann/innsbruck/level1/S2A_MSIL1C_20240321T101721_N0510_R065_T32TPT_20240321T122141.SAFE/GRANULE/L1C_T32TPT_A045679_20240321T101853;bash;0.059414;40.698273;0.924092;7.411992;66.429900;3.451692;0.000000;0.000000;0.000000;149.440493;100.000000;152.920317;0.000001;0.670697;0.951164;9.957387;1.266069;14.364320;580.424597;0.000000;41.969847;0.000000;0.000003;238.341048;0.160546;0.081229;135.654213;0.000005;0.000009;374.237103;0.028051;33.856575;4.057748;3.199748;0.006650;457.505156;1064.484323;23.420815;0.106606;1357.000000;16;1
/mnt/dss_project/nherrmann/innsbruck/level1/S2A_MSIL1C_20240328T100631_N0510_R022_T32TPT_20240328T120957.SAFE/GRANULE/L1C_T32TPT_A045779_20240328T100900;bash;0.062105;31.891728;0.798763;6.129104;85.999671;3.209549;0.000000;0.000000;0.000000;145.127632;100.000000;148.369489;0.000001;0.648449;0.941998;10.000453;1.229320;13.660359;480.044865;0.000000;41.043648;0.000000;0.000003;227.665316;0.409315;0.081392;135.222214;0.000005;0.000009;363.378308;0.026360;33.971310;4.208311;2.941458;0.006220;445.731540;951.623412;17.795589;0.056371;1243.000000;16;1
/mnt/dss_project/nherrmann/innsbruck/level1/S2B_MSIL1C_20240326T101639_N0510_R065_T32TPT_20240326T135925.SAFE/GRANULE/L1C_T32TPT_A036842_20240326T102439;bash;0.083341;41.553662;1.060666;7.011237;69.040727;8.013938;41.589766;57.798425;21.177215;39.483714;91.605568;168.090051;0.000001;8.546673;0.956059;10.754136;1.563176;14.851044;527.803728;0.000000;43.286773;0.000000;0.000004;245.284998;0.160664;0.071126;198.589950;0.000005;0.000008;444.106798;0.027218;33.767085;4.223635;3.174930;0.006404;528.742189;1084.685632;25.115638;0.148742;1406.000000;16;1
/mnt/dss_project/nherrmann/innsbruck/level1/S2A_MSIL1C_20240331T101601_N0510_R065_T32TPT_20240331T135958.SAFE/GRANULE/L1C_T32TPT_A045822_20240331T101847;bash;0.132007;32.933312;0.922526;7.691808;65.979621;5.088898;25.439063;57.209732;20.302637;40.934448;90.111115;149.000743;0.000001;10.161031;0.951617;12.097296;1.393123;14.440845;522.078247;0.000000;41.827135;0.000000;0.000003;245.337542;0.159967;0.078044;196.543442;0.000005;0.000009;442.119065;0.020288;33.837938;4.337249;3.167482;0.007032;525.474740;1076.451143;26.028198;0.170670;1370.000000;16;1
