/mnt/terrabyte_dss/Sentinel-2-Col-1/L1C/tiles/32/U/PU/2021/10/S2A_MSIL1C_20211010T100941_N0500_R022_T32UPU_20230110T205441.SAFE/GRANULE/L1C_T32UPU_A032909_20211010T101120;bash;0.075470;16.785597;0.531051;4.618971;19.612964;1.440984;2.435188;10.911996;1.402944;0.905214;6.826609;17.128326;0.000001;18.936390;0.264315;7.360967;0.236575;8.052384;15.551492;0.000000;12.133272;0.000000;0.000003;73.412330;0.561601;0.147069;52.855094;0.000004;0.000008;126.976153;0.010776;7.921392;1.647980;0.708164;0.001076;149.534316;181.029572;20.324702;0.154730;279.000000;8;4
/mnt/terrabyte_dss/Sentinel-2-Col-1/L1C/tiles/32/U/PB/2025/05/S2A_MSIL1C_20250510T103031_N0511_R108_T32UPB_20250510T105537.SAFE/GRANULE/L1C_T32UPB_A051614_20250510T103034;bash;0.045034;10.945061;0.329748;1.939465;17.755793;1.789197;3.785177;15.230618;1.583335;1.044045;2.228291;23.451526;0.000000;24.164272;0.344909;11.160391;0.297283;3.370300;11.310654;0.000000;14.395362;0.000000;0.000003;87.257963;0.330524;0.058665;68.200981;0.000006;0.000008;155.848194;0.063322;11.727327;3.138161;0.965623;0.020144;186.325227;212.843571;27.522244;0.089492;319.000000;8;4
/mnt/terrabyte_dss/Sentinel-2-Col-1/L1C/tiles/32/U/NA/2024/08/S2A_MSIL1C_20240831T103021_N0511_R108_T32UNA_20240831T130645.SAFE/GRANULE/L1C_T32UNA_A048010_20240831T103023;bash;0.036949;21.626933;0.163936;4.838550;37.213381;2.649740;4.789016;20.533823;2.462007;1.094885;1.449493;31.555255;0.000001;40.314010;0.487555;16.358997;0.594515;8.247775;36.280196;0.000000;22.535895;0.000000;0.000004;133.047734;0.123663;0.156696;110.545447;0.000005;0.000009;243.873596;0.059133;18.980924;3.655142;1.759212;0.001982;291.160758;353.176531;66.325035;0.191051;556.000000;8;4
/mnt/terrabyte_dss/Sentinel-2-Col-1/L1C/tiles/32/U/PB/2023/08/S2B_MSIL1C_20230819T101609_N0510_R065_T32UPB_20241018T083027.SAFE/GRANULE/L1C_T32UPB_A033696_20230819T102334;bash;0.072017;26.905521;0.560487;6.608613;30.407888;2.345893;5.321992;25.658360;1.414060;1.706153;4.172220;36.491280;0.000001;36.067952;0.662764;19.098407;0.700712;7.293123;31.609767;0.000000;23.764067;0.000000;0.000004;139.808862;0.096024;0.160200;118.548652;0.000006;0.000009;258.613801;0.057783;19.226432;5.690806;1.582460;0.009854;309.256102;368.652256;60.921349;0.327976;567.000000;8;4
/mnt/terrabyte_dss/Sentinel-2-Col-1/L1C/tiles/32/U/MA/2026/05/S2B_MSIL1C_20260528T102549_N0512_R108_T32UMA_20260528T140532.SAFE/GRANULE/L1C_T32UMA_A048182_20260528T102552;bash;0.085683;32.677918;0.366206;4.462034;27.976396;3.082272;5.392520;15.909325;1.634058;1.022446;4.371614;27.068596;0.000001;43.174566;0.634961;22.938583;0.510507;4.152785;32.866976;0.000000;25.599766;0.000000;0.000003;144.403799;0.067539;0.085104;106.324540;0.000006;0.000008;250.881053;0.027943;18.178174;5.918306;1.763660;0.002112;302.884218;364.024602;80.449286;0.034174;580.000000;8;4
/mnt/terrabyte_dss/Sentinel-2-Col-1/L1C/tiles/33/U/VQ/2023/08/S2A_MSIL1C_20230811T101031_N0510_R022_T33UVQ_20241015T043550.SAFE/GRANULE/L1C_T33UVQ_A042490_20230811T101028;bash;0.117426;33.807825;0.346206;4.256156;29.720026;2.515550;4.729543;16.996982;1.643209;2.584891;6.866267;28.498133;0.000001;32.224502;0.675547;23.526806;0.475466;6.136294;45.172753;0.000000;19.955159;0.000000;0.000005;130.108107;0.096236;0.150768;125.620298;0.000006;0.000008;255.975470;0.040875;20.576443;5.624003;1.190025;0.002190;303.671782;379.675605;67.239229;0.153475;576.000000;8;4
/mnt/terrabyte_dss/Sentinel-2-Col-1/L1C/tiles/32/T/PT/2017/06/S2A_MSIL1C_20170626T102021_N0500_R065_T32TPT_20231008T201548.SAFE/GRANULE/L1C_T32TPT_A010501_20170626T102321;bash;0.094405;33.496599;0.315236;3.827941;23.321261;2.770726;5.168414;37.093496;2.044803;1.152431;10.664942;48.257019;0.000000;32.931757;0.621714;23.117594;0.815578;4.622398;57.771652;0.000000;21.101915;0.000000;0.000004;136.965418;0.101837;0.149791;112.392823;0.000006;0.000009;249.609933;0.050770;16.989971;4.381621;1.550519;0.016293;293.972389;380.960755;59.279426;0.167430;583.000000;8;4
/mnt/terrabyte_dss/Sentinel-2-Col-1/L1C/tiles/32/U/NA/2019/09/S2A_MSIL1C_20190904T102021_N0500_R065_T32UNA_20230702T101739.SAFE/GRANULE/L1C_T32UNA_A021941_20190904T102045;bash;0.134250;33.807554;0.570751;4.327741;25.630909;2.582190;5.045974;40.401622;1.978822;2.784672;12.400779;52.877508;0.000001;27.518399;0.468728;24.956859;0.608380;6.590470;45.852355;0.000000;19.897113;0.000000;0.000004;135.448167;0.195302;0.130636;116.958855;0.000005;0.000008;252.733019;0.036585;17.539701;4.137871;1.889984;0.002070;296.725398;375.223473;68.280738;0.085344;589.000000;8;4
/mnt/terrabyte_dss/Sentinel-2-Col-1/L1C/tiles/33/U/UQ/2018/11/S2B_MSIL1C_20181117T100259_N0500_R122_T33UUQ_20230703T210755.SAFE/GRANULE/L1C_T33UUQ_A008871_20181117T100301;bash;0.081135;8.519308;0.272722;1.858573;8.642645;0.531410;1.226503;4.299146;3.995950;2.581642;32.534168;12.670139;0.000001;2.612561;0.101932;2.762233;0.114547;11.033868;9.218003;0.000000;6.090445;0.000000;0.000004;22.641669;0.254975;0.022469;12.045589;0.000006;0.000008;34.964758;0.006413;5.750637;1.422661;0.382395;0.019956;48.751148;72.018372;14.906111;0.162661;122.000000;8;4
/mnt/terrabyte_dss/Sentinel-2-Col-1/L1C/tiles/32/U/PA/2024/04/S2A_MSIL1C_20240423T102601_N0510_R108_T32UPA_20240423T155013.SAFE/GRANULE/L1C_T32UPA_A046151_20240423T102742;bash;0.088501;13.191824;0.217701;2.616427;12.323558;0.870428;2.294164;9.367465;1.062310;0.851349;27.494881;14.457204;0.000000;10.482297;0.112898;5.393866;0.132148;4.181400;12.876245;0.000000;9.226418;0.000000;0.000003;39.344195;0.351337;0.079310;24.173381;0.000006;0.000008;63.948279;0.010963;8.263204;2.012840;0.659510;0.000906;84.284888;107.041073;23.984711;0.308845;185.000000;8;4
/mnt/terrabyte_dss/Sentinel-2-Col-1/L1C/tiles/32/T/NT/2022/08/S2B_MSIL1C_20220814T101559_N0510_R065_T32TNT_20240707T151342.SAFE/GRANULE/L1C_T32TNT_A028405_20220814T102248;bash;0.099927;32.321483;0.220304;4.199273;30.705407;2.603345;6.001662;15.687027;3.516580;1.938501;19.700781;29.801215;0.000001;39.306573;0.505752;17.499085;0.514834;6.192487;45.461278;0.000000;17.384158;0.000000;0.000004;135.104701;0.070357;0.056992;86.954852;0.000005;0.000008;222.186962;0.056728;19.066064;3.598154;1.520312;0.002095;264.537400;334.779313;53.476888;0.298788;525.000000;8;4
/mnt/terrabyte_dss/Sentinel-2-Col-1/L1C/tiles/32/U/QU/2019/02/S2B_MSIL1C_20190218T101059_N0500_R022_T32UQU_20221128T070250.SAFE/GRANULE/L1C_T32UQU_A010201_20190218T101421;bash;0.052442;31.640071;0.237770;3.978749;32.157661;3.515300;9.994337;43.551038;2.535076;1.227411;17.871370;60.879421;0.000001;33.790167;0.492786;22.459596;0.388636;8.627636;45.284502;0.000000;19.066480;0.000000;0.000004;130.888465;0.101197;0.081514;114.707053;0.000005;0.000009;245.778293;0.056550;17.896707;4.142531;1.831524;0.019460;288.976796;366.244326;40.110618;0.180751;569.000000;8;4
/mnt/terrabyte_dss/Sentinel-2-Col-1/L1C/tiles/32/U/MA/2022/03/S2A_MSIL1C_20220318T103751_N0510_R008_T32UMA_20240527T061624.SAFE/GRANULE/L1C_T32UMA_A035183_20220318T104246;bash;0.119141;18.044405;0.991649;5.369212;23.038866;1.816862;4.200565;11.608648;5.460054;2.130045;23.709204;25.237580;0.000014;20.457579;0.302883;7.996447;0.421300;7.089394;18.298749;0.000000;13.759123;0.000000;0.000003;70.159526;0.448479;0.070038;70.541884;0.000006;0.000008;141.219989;0.016533;11.472000;2.916307;1.009974;0.001369;170.580349;204.722293;38.813951;0.330661;337.000000;8;4
/mnt/terrabyte_dss/Sentinel-2-Col-1/L1C/tiles/33/U/UQ/2024/10/S2B_MSIL1C_20241016T100029_N0511_R122_T33UUQ_20241016T151956.SAFE/GRANULE/L1C_T33UUQ_A039759_20241016T100611;bash;0.073430;7.951446;0.254521;1.296549;9.180068;0.412306;1.162580;2.955376;2.583973;1.727019;41.424259;8.857296;0.000001;3.656008;0.122272;3.884192;0.072543;5.655134;6.924484;0.000000;5.793521;0.000000;0.000003;23.486591;0.324870;0.054847;14.201291;0.000005;0.000008;38.067656;0.007450;6.284186;1.429544;0.311606;0.000531;51.958959;68.630860;13.959421;0.033032;114.000000;8;4
/mnt/terrabyte_dss/Sentinel-2-Col-1/L1C/tiles/33/U/UP/2024/01/S2B_MSIL1C_20240110T100309_N0510_R122_T33UUP_20240110T105002.SAFE/GRANULE/L1C_T33UUP_A035755_20240110T100306;bash;0.060977;15.562330;0.244825;3.100521;15.414692;2.991594;4.628950;14.767292;2.961016;1.537488;37.339375;26.915436;0.000001;8.479989;0.420209;9.057212;0.238612;13.263889;18.685379;0.000000;11.080532;0.000000;0.000003;60.573567;0.577295;0.094975;44.650189;0.000005;0.000008;105.896090;0.014049;12.332128;3.105210;0.842586;0.001151;133.500617;175.229430;18.417312;0.141751;264.000000;8;4
/mnt/terrabyte_dss/Sentinel-2-Col-1/L1C/tiles/33/U/VP/2025/05/S2A_MSIL1C_20250514T101041_N0511_R022_T33UVP_20250514T152942.SAFE/GRANULE/L1C_T33UVP_A051671_20250514T101732;bash;0.104924;12.791506;0.360413;2.227996;14.517095;1.169362;2.481784;5.863930;0.992336;0.642281;48.093201;11.177028;0.000001;6.995990;0.187949;6.140886;0.194230;3.147120;16.132493;0.000000;11.918648;0.000000;0.000004;49.175509;0.408655;0.046606;35.131616;0.000005;0.000007;84.762444;0.009751;10.314326;2.171391;0.397692;0.019969;109.650325;135.466674;30.927419;0.078025;215.000000;8;4
/mnt/terrabyte_dss/Sentinel-2-Col-1/L1C/tiles/32/U/QU/2019/06/S2B_MSIL1C_20190618T101029_N0500_R022_T32UQU_20230805T075457.SAFE/GRANULE/L1C_T32UQU_A011917_20190618T101307;bash;0.120112;34.223325;0.245013;4.888418;28.789680;1.776904;4.319582;36.161719;2.122210;3.649997;24.170095;48.059639;0.000014;26.047781;0.489010;19.710146;0.453313;3.921088;38.723595;0.000000;22.611986;0.000000;0.000004;130.854145;0.145269;0.171664;113.881002;0.000005;0.000007;245.052141;0.083689;17.242959;5.375116;2.004689;0.015956;292.703807;356.016343;41.246444;0.184053;539.000000;8;4
/mnt/terrabyte_dss/Sentinel-2-Col-1/L1C/tiles/32/T/QT/2024/07/S2B_MSIL1C_20240731T100559_N0511_R022_T32TQT_20240731T120937.SAFE/GRANULE/L1C_T32TQT_A038658_20240731T101303;bash;0.130827;31.565559;0.240123;3.867929;27.921653;2.763026;7.339859;30.825297;3.466488;3.539184;28.920788;47.975948;0.000001;27.770147;0.668438;14.925752;0.859393;5.278651;58.497242;0.000000;22.710972;0.000000;0.000004;128.277512;0.112764;0.089228;110.430423;0.000006;0.000009;238.909985;0.028304;13.972799;4.377773;0.959099;0.027932;281.147078;361.393309;45.212070;0.461454;546.000000;8;4
/mnt/terrabyte_dss/Sentinel-2-Col-1/L1C/tiles/32/U/MA/2017/06/S2B_MSIL1C_20170614T103019_N0500_R108_T32UMA_20230904T160334.SAFE/GRANULE/L1C_T32UMA_A001421_20170614T103021;bash;0.061839;27.893491;0.200293;3.506272;30.930902;2.440425;6.423280;26.899108;3.496183;13.402188;30.531176;52.687680;0.000001;24.756600;0.476802;19.900545;0.953058;6.530982;38.033729;0.000000;16.860557;0.000000;0.000004;122.068844;0.067683;0.085303;118.045111;0.000005;0.000008;240.267002;0.072505;17.322711;3.782921;1.483154;0.002119;279.953705;345.864848;60.293525;0.197765;546.000000;8;4
/mnt/terrabyte_dss/Sentinel-2-Col-1/L1C/tiles/32/T/NT/2023/08/S2B_MSIL1C_20230816T100559_N0510_R022_T32TNT_20241020T192439.SAFE/GRANULE/L1C_T32TNT_A033653_20230816T100802;bash;0.048501;4.481792;0.100320;0.943054;3.253650;0.241116;0.654789;1.495560;0.266833;0.549905;58.213482;3.208286;0.000001;0.655557;0.035438;1.328602;0.038285;3.299819;2.985695;0.000000;1.995389;0.000000;0.000003;9.686711;0.142801;0.009095;6.052932;0.000006;0.000007;15.891587;0.000007;2.487567;0.383279;0.185848;0.000263;20.943994;28.660994;16.204600;0.285724;58.000000;8;4
/mnt/terrabyte_dss/Sentinel-2-Col-1/L1C/tiles/33/T/UN/2019/11/S2B_MSIL1C_20191122T100229_N0500_R122_T33TUN_20230802T153000.SAFE/GRANULE/L1C_T33TUN_A014162_20191122T100226;bash;0.087610;15.274523;0.440733;3.220102;18.477598;1.978941;3.922735;14.563712;2.866167;2.275995;47.699291;25.638990;0.000001;12.224005;0.427533;8.289383;0.298464;11.588011;16.664143;0.000000;13.074722;0.000000;0.000003;62.542589;0.464543;0.050006;47.616119;0.000004;0.000008;110.673313;0.063747;13.286603;2.385792;0.695337;0.016486;140.274884;177.557601;21.339204;0.025909;274.000000;8;4
/mnt/terrabyte_dss/Sentinel-2-Col-1/L1C/tiles/32/U/QU/2018/07/S2A_MSIL1C_20180728T101031_N0500_R022_T32UQU_20230806T195605.SAFE/GRANULE/L1C_T32UQU_A016178_20180728T101340;bash;0.090986;33.452290;0.235413;4.410018;28.777429;2.702515;6.954638;48.706023;3.013625;4.674437;36.992649;66.095466;0.000001;21.992238;0.540343;16.800403;0.517833;4.660095;37.980517;0.000000;16.692945;0.000000;0.000003;136.647364;0.074257;0.092436;106.042381;0.000006;0.000009;242.856502;0.063274;15.328382;3.271452;1.438708;0.020205;279.835670;340.349894;41.038768;0.461662;537.000000;8;4
/mnt/terrabyte_dss/Sentinel-2-Col-1/L1C/tiles/32/U/QV/2017/06/S2A_MSIL1C_20170613T101031_N0500_R022_T32UQV_20231008T101700.SAFE/GRANULE/L1C_T32UQV_A010315_20170613T101608;bash;0.108441;28.265373;0.398522;4.171227;29.336722;2.996885;9.782424;35.591414;2.369073;8.913128;43.654316;59.680443;0.000001;24.502346;0.611866;19.942774;0.518036;3.815946;40.445782;0.000000;17.050297;0.000000;0.000004;142.646681;0.106126;0.082384;105.553144;0.000006;0.000027;248.388415;0.027487;18.146923;4.332240;1.770460;0.002120;289.876728;355.228685;40.825609;0.213584;543.000000;8;4
/mnt/terrabyte_dss/Sentinel-2-Col-1/L1C/tiles/32/U/MA/2023/06/S2B_MSIL1C_20230606T103629_N0510_R008_T32UMA_20241002T175615.SAFE/GRANULE/L1C_T32UMA_A032638_20230606T103638;bash;0.077695;20.228351;0.536345;4.682694;20.170926;1.642730;4.076836;18.413608;2.482274;8.510232;61.028938;35.159646;0.000001;9.745762;0.273036;13.001646;0.260863;2.816495;19.556355;0.000000;12.913084;0.000000;0.000004;72.045570;0.325529;0.060214;49.803122;0.000006;0.000009;122.234505;0.017321;11.122812;2.576422;0.840073;0.047466;149.914597;185.853307;32.976015;0.455350;310.000000;8;4
/mnt/terrabyte_dss/Sentinel-2-Col-1/L1C/tiles/32/U/QV/2025/06/S2C_MSIL1C_20250611T101041_N0511_R022_T32UQV_20250611T170925.SAFE/GRANULE/L1C_T32UQV_A003996_20250611T101043;bash;0.097668;30.166073;0.198183;3.736058;32.793151;3.985295;6.664780;47.518126;4.199713;10.422073;54.033043;72.867364;0.000001;21.523544;0.727617;21.025779;0.640440;4.001165;42.885396;0.000000;20.552107;0.000000;0.000004;132.705776;0.080241;0.082198;97.590557;0.000005;0.000007;230.458828;0.028234;15.891614;4.161960;1.509987;0.002160;272.862651;342.158709;37.506655;0.270174;542.000000;8;4
/mnt/terrabyte_dss/Sentinel-2-Col-1/L1C/tiles/32/U/NB/2021/04/S2B_MSIL1C_20210421T101549_N0500_R065_T32UNB_20230517T212537.SAFE/GRANULE/L1C_T32UNB_A021541_20210421T102336;bash;0.082662;30.345787;0.652279;4.974350;27.618773;2.835010;6.303493;34.900939;11.263175;13.364657;52.419846;68.723229;0.000001;25.169244;0.409372;12.003744;0.524842;5.148261;26.048467;0.000000;24.467712;0.000000;0.000005;113.981744;0.443633;0.088161;87.111174;0.000006;0.000008;201.624775;0.044011;20.561426;4.315213;1.068452;0.020648;252.247753;296.397877;47.757554;0.329388;502.000000;8;4
/mnt/terrabyte_dss/Sentinel-2-Col-1/L1C/tiles/32/T/QT/2018/11/S2B_MSIL1C_20181123T102339_N0500_R065_T32TQT_20230702T105944.SAFE/GRANULE/L1C_T32TQT_A008957_20181123T102334;bash;0.088215;10.318295;0.193050;1.520489;13.245292;0.898457;3.693568;5.011461;4.609789;3.881639;74.416824;18.106503;0.000001;6.616315;0.157354;3.613766;0.251140;9.289655;12.060911;0.000000;7.679360;0.000000;0.000004;44.295306;0.380108;0.033024;26.943367;0.000005;0.000008;71.651857;0.009789;8.834158;1.287541;0.507878;0.001085;90.026812;115.413382;17.784618;0.393643;184.000000;8;4
/mnt/terrabyte_dss/Sentinel-2-Col-1/L1C/tiles/32/U/PB/2023/07/S2A_MSIL1C_20230715T101601_N0510_R065_T32UPB_20240913T101130.SAFE/GRANULE/L1C_T32UPB_A042104_20230715T101733;bash;0.103398;31.580990;0.285904;4.058987;30.004745;2.510536;7.001375;40.511499;14.272953;16.932724;57.086014;81.286596;0.000001;17.560557;0.657049;11.251526;1.031158;4.899263;32.931759;0.000000;21.301556;0.000000;0.000003;129.878920;0.068379;0.080424;100.108039;0.000006;0.000009;230.135826;0.039817;18.212050;3.589014;1.221640;0.031759;274.832783;325.618235;46.550900;0.019481;537.000000;8;4
/mnt/terrabyte_dss/Sentinel-2-Col-1/L1C/tiles/32/T/QT/2026/07/S2A_MSIL1C_20260721T102041_N0512_R065_T32TQT_20260721T153621.SAFE/GRANULE/L1C_T32TQT_A057863_20260721T102042;bash;0.106251;12.185572;0.189945;2.127312;12.222932;0.895068;2.943968;10.040809;3.310320;5.277623;73.079163;22.479133;0.000001;5.778505;0.129340;4.463889;0.273902;3.088558;13.978708;0.000000;7.156534;0.000000;0.000004;39.572332;0.317209;0.050057;19.085749;0.000005;0.000008;59.025419;0.010324;5.710161;1.165817;0.282553;0.000943;73.411915;95.360321;16.071864;0.219002;167.000000;8;4
/mnt/terrabyte_dss/Sentinel-2-Col-1/L1C/tiles/33/T/UN/2017/03/S2B_MSIL1C_20170330T101019_N0500_R022_T33TUN_20230927T093513.SAFE/GRANULE/L1C_T33TUN_A000334_20170330T101715;bash;0.086259;28.954913;0.345827;4.884556;31.180856;4.012812;10.194727;28.241907;6.263641;11.579441;64.139755;60.463222;0.000001;16.986050;0.497195;10.726104;0.768264;7.895267;52.956069;0.000000;22.373205;0.000000;0.000004;128.587661;0.129160;0.089955;108.964955;0.000007;0.000009;237.771793;0.029356;15.456449;3.723205;1.116506;0.003098;280.625218;353.482232;33.871272;0.126449;531.000000;8;4
/mnt/terrabyte_dss/Sentinel-2-Col-1/L1C/tiles/32/U/PA/2026/03/S2C_MSIL1C_20260301T101941_N0512_R065_T32UPA_20260301T135953.SAFE/GRANULE/L1C_T32UPA_A007757_20260301T101943;bash;0.085026;28.504042;0.240153;4.091218;23.654620;2.772250;6.692038;32.348508;28.974592;14.628747;69.956398;85.514214;0.000001;12.620026;0.714753;12.537204;0.629488;7.106091;35.678159;0.000000;18.274404;0.000000;0.000003;130.381755;0.076558;0.070972;83.667069;0.000005;0.000008;214.196420;0.027006;12.123590;3.262758;1.054720;0.002104;249.102086;305.784023;37.416463;0.168362;498.000000;8;4
/mnt/terrabyte_dss/Sentinel-2-Col-1/L1C/tiles/32/T/PT/2017/03/S2B_MSIL1C_20170320T101509_N0500_R051_T32TPT_20230910T181542.SAFE/GRANULE/L1C_T32TPT_A000191_20170320T102202;bash;0.112871;35.521926;0.358013;4.736311;32.697218;4.138465;11.186396;40.719888;23.015246;25.267560;66.680840;104.384129;0.000001;13.230392;0.643495;9.863678;1.054756;7.776427;51.269906;0.000000;23.608747;0.000000;0.000004;93.484240;0.061105;0.074086;62.703933;0.000005;0.000008;156.323424;0.027783;9.301097;1.874942;0.713897;0.002469;192.015169;262.639505;30.615177;0.139259;484.000000;8;4
/mnt/terrabyte_dss/Sentinel-2-Col-1/L1C/tiles/33/U/UQ/2026/07/S2C_MSIL1C_20260716T100601_N0512_R022_T33UUQ_20260716T134923.SAFE/GRANULE/L1C_T33UUQ_A009716_20260716T100555;bash;0.092533;29.708885;0.273700;4.211388;35.393818;2.260147;8.560485;43.725641;5.056831;11.720927;79.109512;71.352928;0.000017;6.504355;0.462746;7.933387;0.392635;1.924684;29.776873;0.000000;11.827900;0.000000;0.000004;61.362981;0.048057;0.091702;65.565127;0.000006;0.000008;127.067926;0.027672;10.224118;2.095215;0.733168;0.002227;152.122407;192.627079;26.173330;0.151013;367.000000;8;4
/mnt/terrabyte_dss/Sentinel-2-Col-1/L1C/tiles/33/U/VQ/2024/09/S2B_MSIL1C_20240906T095549_N0511_R122_T33UVQ_20240906T152044.SAFE/GRANULE/L1C_T33UVQ_A039187_20240906T100354;bash;0.117965;26.729129;0.263221;2.944841;21.546978;1.164031;6.511921;18.274417;30.397967;23.360715;78.912643;79.737449;0.000001;18.733457;0.235856;5.901078;0.262984;3.852598;31.018839;0.000000;12.286117;0.000000;0.000003;59.070830;0.125477;0.079816;65.067719;0.000006;0.000008;124.343908;0.027355;10.428084;2.066315;0.710166;0.002725;150.018798;191.304462;24.050370;0.178846;366.000000;8;4
