/mnt/dss_project/nherrmann/innsbruck/level1/S2A_MSIL1C_20240101T102431_N0510_R065_T32TPT_20240101T122107.SAFE/GRANULE/L1C_T32TPT_A044535_20240101T102736;bash;0.044561;9.050803;0.272967;2.084489;28.780663;4.442446;8.402977;7.269784;26.568901;13.892021;94.343628;60.591300;0.000001;1.368190;0.269288;3.394098;0.276134;12.462021;24.594707;0.000000;12.550056;0.000000;0.000004;53.503184;0.615347;0.047839;35.228017;0.000006;0.000008;89.394451;0.010288;10.426766;1.650868;0.613489;0.002222;114.721297;155.732092;25.800626;0.149767;284.000000;8;2
/mnt/dss_project/nherrmann/innsbruck/level1/S2A_MSIL1C_20240111T102401_N0510_R065_T32TPT_20240111T122249.SAFE/GRANULE/L1C_T32TPT_A044678_20240111T102734;bash;0.119006;18.129511;0.544861;4.702660;21.477045;2.916073;3.260313;6.487038;1.556433;1.162029;30.365656;15.397905;0.000000;10.219468;0.266053;3.884216;0.258150;12.311978;21.509788;0.000000;12.523992;0.000000;0.000004;53.994896;0.682832;0.042522;50.737507;0.000006;0.000008;105.457820;0.009603;10.399225;1.606255;0.580321;0.002428;130.651298;168.896474;28.346386;0.338829;268.000000;8;2
/mnt/dss_project/nherrmann/innsbruck/level1/S2B_MSIL1C_20240106T102329_N0510_R065_T32TPT_20240106T111405.SAFE/GRANULE/L1C_T32TPT_A035698_20240106T102326;bash;0.056344;25.544554;0.566236;7.349990;35.887635;1.731008;0.000000;0.000000;0.000000;74.846108;100.000000;76.605604;0.000001;0.479158;0.467064;5.355286;0.537490;12.144962;58.277914;0.000000;21.365656;0.000000;0.000003;125.850932;0.097130;0.068131;71.862094;0.000005;0.000008;197.878340;0.000254;17.516712;2.631255;1.365659;0.003348;240.916360;317.712566;28.504532;0.009309;493.000000;8;2
/mnt/dss_project/nherrmann/innsbruck/level1/S2B_MSIL1C_20240103T101329_N0510_R022_T32TPT_20240103T110304.SAFE/GRANULE/L1C_T32TPT_A035655_20240103T101328;bash;0.058271;21.099460;0.309865;7.789121;40.968654;3.627250;8.875467;24.338322;11.024701;10.854185;59.288338;58.745883;0.000011;17.456152;0.463634;9.051981;0.480360;13.437431;48.777832;0.000000;21.281616;0.000000;0.000004;125.842294;0.306849;0.082575;114.044535;0.000006;0.000007;240.276313;0.025465;19.511205;5.393117;2.675178;0.019666;289.493463;361.718571;40.458996;0.092000;548.000000;8;2
/mnt/dss_project/nherrmann/innsbruck/level1/S2B_MSIL1C_20240113T101309_N0510_R022_T32TPT_20240113T110023.SAFE/GRANULE/L1C_T32TPT_A035798_20240113T101304;bash;0.036429;28.740536;0.566913;3.743723;32.165074;5.503778;7.540154;30.721857;1.996576;1.319179;16.805122;47.108381;0.000001;30.146558;0.457100;9.573443;0.457293;14.840977;48.539950;0.000000;21.793145;0.000000;0.000004;129.461614;0.321925;0.071231;119.279838;0.000006;0.000007;249.134666;0.022375;19.030103;3.011309;1.305612;0.003375;294.459590;368.343302;40.317071;0.295344;551.000000;8;2
/mnt/dss_project/nherrmann/innsbruck/level1/S2A_MSIL1C_20240108T101401_N0510_R022_T32TPT_20240108T105807.SAFE/GRANULE/L1C_T32TPT_A044635_20240108T101404;bash;0.083073;27.168851;0.411058;6.244835;33.551907;2.678730;13.437384;23.693953;74.699442;40.011672;98.444801;154.546165;0.000001;1.203054;0.462100;5.406624;0.522945;12.958206;61.935359;0.000000;21.316415;0.000000;0.000003;108.859111;0.313975;0.070109;88.825915;0.000005;0.000008;198.069168;0.026462;21.997247;5.384163;1.848885;0.006277;248.796965;330.096048;33.545000;0.215363;587.000000;8;2
/mnt/dss_project/nherrmann/innsbruck/level1/S2A_MSIL1C_20240118T101331_N0510_R022_T32TPT_20240118T121139.SAFE/GRANULE/L1C_T32TPT_A044778_20240118T101403;bash;0.079776;25.934624;0.289283;3.248124;31.286297;3.165409;13.020867;29.527794;72.132677;38.510977;98.871841;156.382612;0.000001;1.347451;0.489463;6.005250;0.516835;14.819953;61.242554;0.000000;21.255303;0.000000;0.000003;107.862941;0.327726;0.072248;92.026166;0.000006;0.000007;200.289143;0.029519;20.542172;4.544081;2.511087;0.006999;249.343616;332.431968;35.532874;0.205668;587.000000;8;2
/mnt/dss_project/nherrmann/innsbruck/level1/S2B_MSIL1C_20240116T102259_N0510_R065_T32TPT_20240116T111303.SAFE/GRANULE/L1C_T32TPT_A035841_20240116T102256;bash;0.126815;28.164191;0.312861;3.170779;31.762104;4.412486;14.489799;25.006542;33.545988;34.664830;68.783585;112.145426;0.000001;13.375161;0.471224;6.633949;0.523426;14.108742;68.162557;0.000000;21.914802;0.000000;0.000003;118.133185;0.114779;0.066581;124.137783;0.000006;0.000007;242.452383;0.026597;20.207260;4.570129;1.696066;0.004569;291.025230;380.938921;40.554803;0.132245;611.000000;8;2
/mnt/dss_project/nherrmann/innsbruck/level1/S2A_MSIL1C_20240121T102331_N0510_R065_T32TPT_20240121T122146.SAFE/GRANULE/L1C_T32TPT_A044821_20240121T102705;bash;0.107287;27.772607;0.256561;3.172449;31.872158;4.228393;0.000000;0.000000;0.000000;74.971167;100.000000;79.225747;0.000013;0.479785;0.465423;5.510174;0.549486;12.147505;61.854050;0.000000;22.186122;0.000000;0.000003;141.945575;0.096048;0.061127;71.634010;0.000006;0.000007;213.736818;0.027145;17.410170;2.648362;1.364773;0.003280;257.531351;338.072020;28.645313;0.064358;510.000000;8;2
/mnt/dss_project/nherrmann/innsbruck/level1/S2B_MSIL1C_20240123T101229_N0510_R022_T32TPT_20240123T110055.SAFE/GRANULE/L1C_T32TPT_A035941_20240123T101226;bash;0.073080;25.219480;0.294118;3.176427;31.155379;1.896716;13.683482;0.000000;0.000000;68.401490;100.000000;84.007936;0.000001;0.477602;0.459593;5.672110;0.508006;12.402746;55.646838;0.000000;24.688655;0.000000;0.000003;134.943854;0.321612;0.060441;75.162713;0.000005;0.000007;210.488679;0.026681;17.391996;2.685303;1.264605;0.002600;256.699613;331.402282;30.192152;0.070068;506.000000;8;2
/mnt/dss_project/nherrmann/innsbruck/level1/S2B_MSIL1C_20240126T102219_N0510_R065_T32TPT_20240126T111247.SAFE/GRANULE/L1C_T32TPT_A035984_20240126T102216;bash;0.063656;26.702857;0.309894;3.448922;39.221942;4.295218;17.974940;27.703573;52.799929;38.040278;90.608337;140.840309;0.000013;4.610886;0.473133;5.788623;0.527810;12.255046;61.923091;0.000000;27.959140;0.000000;0.000004;114.739099;0.121667;0.075452;101.805116;0.000006;0.000008;216.741392;0.024056;17.465559;2.620246;1.377526;0.003725;266.337230;347.318423;40.679981;0.183916;603.000000;8;2
/mnt/dss_project/nherrmann/innsbruck/level1/S2A_MSIL1C_20240128T101301_N0510_R022_T32TPT_20240128T105717.SAFE/GRANULE/L1C_T32TPT_A044921_20240128T101353;bash;0.071598;26.243365;0.289458;3.264085;40.202901;5.293525;10.259931;29.621210;2.022255;1.401976;17.580933;48.623797;0.000001;34.659651;0.456635;11.834301;0.463682;12.588855;54.517146;0.000000;25.989515;0.000000;0.000003;118.411359;0.325780;0.074724;117.643297;0.000006;0.000008;236.455222;0.026461;17.377140;3.142292;1.279376;0.004210;284.426733;364.301552;43.602461;0.181680;561.000000;8;2
/mnt/dss_project/nherrmann/innsbruck/level1/S2A_MSIL1C_20240131T102251_N0510_R065_T32TPT_20240131T122138.SAFE/GRANULE/L1C_T32TPT_A044964_20240131T102625;bash;0.038587;26.005984;0.270979;5.095213;40.672493;4.130873;13.505699;23.973580;21.511596;19.340101;93.263290;82.488956;0.000001;3.699883;0.472920;5.636232;0.538296;12.039178;67.653679;0.000000;20.776783;0.000000;0.000003;114.332317;0.107423;0.078090;105.683617;0.000006;0.000008;220.201502;0.023559;20.844280;2.962523;1.473598;0.004399;266.450830;352.806213;45.946357;0.098599;557.000000;8;2
/mnt/dss_project/nherrmann/innsbruck/level1/S2B_MSIL1C_20240202T101139_N0510_R022_T32TPT_20240202T110551.SAFE/GRANULE/L1C_T32TPT_A036084_20240202T101136;bash;0.068232;22.790318;0.485772;6.261472;35.301399;2.116066;13.333052;16.560325;54.263052;43.133741;94.799561;129.446196;0.000001;3.551737;0.566096;11.462212;0.583487;12.821179;54.400357;0.000000;21.152543;0.000000;0.000003;107.842061;0.328736;0.078076;92.331572;0.000006;0.000008;200.580507;0.027579;22.357537;4.288480;1.597154;0.004801;250.166004;330.013398;31.464143;0.173745;560.000000;8;2
/mnt/dss_project/nherrmann/innsbruck/level1/S2A_MSIL1C_20240207T101201_N0510_R022_T32TPT_20240207T105710.SAFE/GRANULE/L1C_T32TPT_A045064_20240207T101300;bash;0.055351;24.673216;0.288780;3.207592;31.185277;2.807341;11.279947;18.471676;41.910216;26.787910;88.549286;101.289037;0.000001;14.426200;1.029912;8.692057;0.493819;11.367180;56.365779;0.000000;21.125760;0.000000;0.000003;109.947763;0.326214;0.072639;115.479716;0.000005;0.000008;225.826392;0.028373;20.739551;2.722792;1.810849;0.004231;272.406005;350.368489;37.342599;0.146255;563.000000;8;2
/mnt/dss_project/nherrmann/innsbruck/level1/S2B_MSIL1C_20240205T102129_N0510_R065_T32TPT_20240205T122515.SAFE/GRANULE/L1C_T32TPT_A036127_20240205T102125;bash;0.037764;27.507812;0.351909;3.251051;33.151605;4.604035;7.368490;33.806436;1.749016;1.257495;25.873877;48.810283;0.000001;33.990136;0.470251;13.380133;0.548736;13.351725;69.366438;0.000000;21.873310;0.000000;0.000003;120.476061;0.113000;0.080133;132.096645;0.000005;0.000009;252.765897;0.027548;21.628563;5.445392;2.740524;0.003967;304.628585;401.759524;46.751117;0.145037;596.000000;8;2
/mnt/dss_project/nherrmann/innsbruck/level1/S2A_MSIL1C_20240210T102151_N0510_R065_T32TPT_20240210T121948.SAFE/GRANULE/L1C_T32TPT_A045107_20240210T102529;bash;0.065697;27.783061;0.257691;3.161561;31.570856;2.325768;14.848598;16.594580;44.120133;30.895057;98.580589;108.811554;0.000001;1.215957;0.470888;5.495237;0.546305;13.000266;61.388603;0.000000;21.604540;0.000000;0.000003;150.388539;0.170532;0.109036;99.577998;0.000005;0.000008;250.246171;0.022075;17.354553;2.651644;1.378199;0.004000;293.394031;374.309381;40.682719;0.135245;588.000000;8;2
/mnt/dss_project/nherrmann/innsbruck/level1/S2B_MSIL1C_20240212T101039_N0510_R022_T32TPT_20240212T110649.SAFE/GRANULE/L1C_T32TPT_A036227_20240212T101040;bash;0.084714;24.299783;0.282562;3.157264;31.387318;3.059876;12.717475;33.485148;48.200637;41.235656;96.832504;138.725333;0.000001;1.815237;0.462932;5.274366;0.519868;10.788790;56.039674;0.000000;22.196689;0.000000;0.000003;138.237909;0.312244;0.063375;94.566544;0.000005;0.000007;233.180136;0.019959;17.639041;2.816347;1.426502;0.003319;277.417410;350.518289;33.940614;0.128144;584.000000;8;2
/mnt/dss_project/nherrmann/innsbruck/level1/S2A_MSIL1C_20240217T101101_N0510_R022_T32TPT_20240217T105711.SAFE/GRANULE/L1C_T32TPT_A045207_20240217T101159;bash;0.076453;26.507402;0.391254;4.770219;40.806561;2.197313;15.719446;0.000000;0.000000;74.510049;100.000000;92.453450;0.000001;0.491136;0.458819;5.583798;0.518693;10.145225;60.725392;0.000000;22.255314;0.000000;0.000003;115.212557;0.316665;0.074139;79.012688;0.000005;0.000007;194.616110;0.023410;17.415907;2.771870;1.268106;0.002353;238.515593;315.961785;29.300650;0.044333;510.000000;8;2
/mnt/dss_project/nherrmann/innsbruck/level1/S2B_MSIL1C_20240222T100939_N0510_R022_T32TPT_20240222T120930.SAFE/GRANULE/L1C_T32TPT_A036370_20240222T100934;bash;0.037221;24.321976;0.337947;4.359553;42.038685;2.979811;13.839296;14.709311;34.566938;23.664988;98.763420;89.787422;0.000001;1.116555;0.758098;5.781492;0.504565;10.332168;61.027121;0.000000;22.469993;0.000000;0.000003;110.360183;0.312474;0.067466;102.376089;0.000006;0.000007;213.116270;0.026424;18.873013;2.665685;1.262249;0.003804;258.566083;336.983533;39.747094;0.032048;539.000000;8;2
/mnt/dss_project/nherrmann/innsbruck/level1/S2B_MSIL1C_20240215T102029_N0510_R065_T32TPT_20240215T140022.SAFE/GRANULE/L1C_T32TPT_A036270_20240215T102728;bash;0.128849;27.846388;0.284328;3.913038;38.276890;4.790276;10.974617;42.555292;4.006467;4.029413;45.463718;66.381299;0.000001;31.165721;0.471196;11.289942;0.487690;11.014868;67.022038;0.000000;22.078548;0.000000;0.000003;125.830914;0.113046;0.071381;119.891668;0.000006;0.000008;245.907070;0.057522;20.383706;2.675409;1.364468;0.004095;292.616591;382.916041;47.341754;0.372621;599.000000;8;2
/mnt/dss_project/nherrmann/innsbruck/level1/S2A_MSIL1C_20240227T100951_N0510_R022_T32TPT_20240227T121636.SAFE/GRANULE/L1C_T32TPT_A045350_20240227T101649;bash;0.080706;24.106546;0.283663;3.093146;31.293201;2.376785;13.477033;26.109187;36.665174;33.541710;92.788345;112.255544;0.000015;4.919137;1.048380;8.975032;0.543870;9.460755;58.937312;0.000000;21.325593;0.000000;0.000003;110.433827;0.315650;0.060609;101.622297;0.000005;0.000008;212.432440;0.023846;24.247256;2.697196;1.292658;0.004338;262.176323;341.156001;33.409633;0.119908;551.000000;8;2
/mnt/dss_project/nherrmann/innsbruck/level1/S2A_MSIL1C_20240220T102051_N0510_R065_T32TPT_20240220T122157.SAFE/GRANULE/L1C_T32TPT_A045250_20240220T102204;bash;0.036997;26.577292;0.273322;3.256685;38.209108;3.250347;19.215665;27.259399;70.561006;78.455932;99.698235;198.831056;0.000014;1.039107;0.978203;6.624149;0.550307;9.902917;62.120906;0.000000;21.367372;0.000000;0.000004;113.569899;0.172129;0.079869;100.154186;0.000005;0.000007;213.976148;0.022711;21.386784;3.290044;2.410082;0.002588;262.616414;342.823331;37.325537;0.296999;649.000000;8;2
/mnt/dss_project/nherrmann/innsbruck/level1/S2B_MSIL1C_20240225T101919_N0510_R065_T32TPT_20240225T125121.SAFE/GRANULE/L1C_T32TPT_A036413_20240225T102308;bash;0.063533;27.659668;0.520084;4.425958;32.185471;4.186645;10.056590;38.613721;11.534380;12.142451;55.752907;76.561067;0.000001;32.933747;1.001172;18.477409;0.585100;11.057252;65.963268;0.000000;21.515210;0.000000;0.000003;120.725613;0.182402;0.102128;129.284538;0.000006;0.000008;250.294744;0.026886;21.724716;4.920819;2.035769;0.009493;300.713226;397.811799;38.778325;0.124092;611.000000;8;2
/mnt/dss_project/nherrmann/innsbruck/level1/S2A_MSIL1C_20240301T101941_N0510_R065_T32TPT_20240301T122141.SAFE/GRANULE/L1C_T32TPT_A045393_20240301T102318;bash;0.086538;23.738948;0.321546;3.162749;31.864856;1.737090;0.000000;0.000000;0.000000;74.902047;100.000000;76.668878;0.000015;0.479319;0.474196;5.458780;0.532159;8.223942;65.879704;0.000000;22.448864;0.000000;0.000003;130.689493;0.097025;0.074254;86.021242;0.000006;0.000007;216.882070;0.000253;17.525655;2.777355;1.404360;0.003262;261.181908;341.764498;27.324783;0.056224;505.000000;8;2
/mnt/dss_project/nherrmann/innsbruck/level1/S2B_MSIL1C_20240303T100819_N0510_R022_T32TPT_20240303T121438.SAFE/GRANULE/L1C_T32TPT_A036513_20240303T101326;bash;0.084975;23.302266;0.331482;3.129913;31.284895;2.100213;13.258139;17.530289;43.152532;39.752021;99.085876;115.818078;0.000001;1.063251;0.457062;5.579924;0.509756;10.509880;62.373738;0.000000;23.431246;0.000000;0.000004;138.242007;0.327786;0.059126;91.631561;0.000005;0.000008;230.260545;0.060294;18.047458;2.452071;1.265676;0.003410;275.650013;355.093667;33.287924;0.112541;564.000000;8;2
/mnt/dss_project/nherrmann/innsbruck/level1/S2B_MSIL1C_20240306T101759_N0510_R065_T32TPT_20240306T125639.SAFE/GRANULE/L1C_T32TPT_A036556_20240306T102027;bash;0.063555;24.328693;0.256693;3.147576;36.320815;3.124645;0.000000;0.000000;0.000000;84.755140;100.000000;87.904668;0.000001;0.617695;1.392267;11.279210;1.116400;10.343996;64.796756;0.000000;22.309636;0.000000;0.000003;127.241073;0.102338;0.072652;71.641507;0.000005;0.000008;199.057626;0.026859;17.393084;2.404532;1.373526;0.003165;242.710127;331.651917;30.560989;0.006247;514.000000;8;2
/mnt/dss_project/nherrmann/innsbruck/level1/S2A_MSIL1C_20240308T100841_N0510_R022_T32TPT_20240308T120958.SAFE/GRANULE/L1C_T32TPT_A045493_20240308T101546;bash;0.052209;29.536391;0.409594;3.237728;34.182955;6.760955;10.685601;41.474763;8.383064;9.085332;37.469669;76.415760;0.000001;25.764623;0.723147;12.278518;0.571494;10.338217;64.107532;0.000000;24.358867;0.000000;0.000003;116.316179;0.303135;0.083676;113.478836;0.000005;0.000007;230.181889;0.027850;17.394550;2.853457;1.277936;0.003945;276.249697;364.282744;38.685623;0.150550;573.000000;8;2
/mnt/dss_project/nherrmann/innsbruck/level1/S2A_MSIL1C_20240318T100731_N0510_R022_T32TPT_20240318T120956.SAFE/GRANULE/L1C_T32TPT_A045636_20240318T101434;bash;0.064011;21.769203;0.282943;3.213899;31.617540;1.852988;0.000000;0.000000;0.000000;73.973912;100.000000;75.861792;0.000000;0.606744;0.560109;8.272275;1.515862;8.637851;56.257396;0.000000;21.439314;0.000000;0.000003;116.943867;0.308614;0.075981;71.905023;0.000006;0.000008;189.233552;0.000256;17.783945;2.664166;2.132573;0.003211;233.400145;308.657735;28.162614;0.165017;470.000000;8;2
/mnt/dss_project/nherrmann/innsbruck/level1/S2A_MSIL1C_20240311T101831_N0510_R065_T32TPT_20240311T122002.SAFE/GRANULE/L1C_T32TPT_A045536_20240311T102207;bash;0.068412;27.266203;0.261673;3.230746;36.259960;5.809988;16.914943;31.642843;12.830112;22.895829;76.314636;90.121685;0.000001;11.451022;0.547041;8.108185;0.703267;10.312469;67.344465;0.000000;23.641171;0.000000;0.000003;117.835323;0.113383;0.071869;117.138260;0.000005;0.000008;235.158893;0.027107;17.472896;3.396398;1.764646;0.004380;281.676516;368.709996;43.239552;0.201274;581.000000;8;2
/mnt/dss_project/nherrmann/innsbruck/level1/S2B_MSIL1C_20240316T101649_N0510_R065_T32TPT_20240316T125251.SAFE/GRANULE/L1C_T32TPT_A036699_20240316T102010;bash;0.062135;24.855716;0.416377;3.412714;35.166070;2.529647;14.983586;0.000000;0.000000;74.670315;100.000000;92.238322;0.000001;0.535031;0.771695;7.548639;0.761070;7.504484;67.258508;0.000000;21.436023;0.000000;0.000003;121.436730;0.104202;0.050967;86.624975;0.000005;0.000007;208.216925;0.029758;19.420272;4.268860;1.753236;0.002332;255.288338;339.145658;35.853074;0.066163;532.000000;8;2
/mnt/dss_project/nherrmann/innsbruck/level1/S2B_MSIL1C_20240313T100709_N0510_R022_T32TPT_20240313T121251.SAFE/GRANULE/L1C_T32TPT_A036656_20240313T101407;bash;0.051355;27.248184;0.305277;4.756397;34.868210;2.873230;12.666579;29.411004;35.942997;42.048400;96.121117;123.000074;0.000001;2.465389;0.847742;8.553650;1.110772;7.995345;60.374581;0.000000;21.151549;0.000000;0.000004;117.634797;0.323118;0.061416;99.868861;0.000005;0.000007;217.888248;0.096587;21.511433;2.794921;1.324744;0.003133;264.918284;343.814251;27.869818;0.189328;564.000000;8;2
/mnt/dss_project/nherrmann/innsbruck/level1/S2A_MSIL1C_20240321T101721_N0510_R065_T32TPT_20240321T122141.SAFE/GRANULE/L1C_T32TPT_A045679_20240321T101853;bash;0.061698;24.102050;0.256386;3.110372;32.094037;1.889937;0.000000;0.000000;0.000000;75.296272;100.000000;77.214796;0.000001;0.479178;0.542387;5.609114;0.529860;7.089855;65.409591;0.000000;21.280170;0.000000;0.000003;118.183936;0.120146;0.059957;85.689764;0.000006;0.000007;204.053863;0.026568;17.563514;2.646322;1.366248;0.003244;247.068947;326.263879;23.755927;0.048119;487.000000;8;2
/mnt/dss_project/nherrmann/innsbruck/level1/S2B_MSIL1C_20240323T100649_N0510_R022_T32TPT_20240323T121051.SAFE/GRANULE/L1C_T32TPT_A036799_20240323T101128;bash;0.063774;23.467890;0.289165;3.290731;31.357621;2.114976;13.538405;0.000000;0.000000;66.780119;100.000000;82.460502;0.000001;0.479226;0.464394;5.653765;0.526944;7.257828;70.250555;0.000000;21.571732;0.000000;0.000003;121.519204;0.311836;0.064658;77.475660;0.000006;0.000008;199.371419;0.020806;17.342552;2.681938;1.271018;0.002314;242.417251;326.584882;21.766603;0.026779;489.000000;8;2
/mnt/dss_project/nherrmann/innsbruck/level1/S2B_MSIL1C_20240326T101639_N0510_R065_T32TPT_20240326T135925.SAFE/GRANULE/L1C_T32TPT_A036842_20240326T102439;bash;0.063119;23.236761;0.256068;3.106500;31.558164;3.087011;13.446337;23.583760;13.946004;19.466619;91.605568;73.557439;0.000001;6.746982;0.989657;10.328189;0.968685;7.986599;66.839783;0.000000;21.301346;0.000000;0.000004;117.055389;0.099675;0.050516;107.041847;0.000005;0.000007;224.247485;0.025475;17.458469;2.662283;1.360317;0.004055;267.200720;354.327173;27.071358;0.006957;520.000000;8;2
/mnt/dss_project/nherrmann/innsbruck/level1/S2A_MSIL1C_20240328T100631_N0510_R022_T32TPT_20240328T120957.SAFE/GRANULE/L1C_T32TPT_A045779_20240328T100900;bash;0.038336;24.381365;0.285813;4.982356;32.834952;1.666303;0.000000;0.000000;0.000000;73.591348;100.000000;75.284259;0.000001;0.477057;0.459970;5.706434;0.523439;6.620265;55.473487;0.000000;21.169644;0.000000;0.000004;110.890122;0.309865;0.076650;71.833810;0.000005;0.000008;183.110506;0.026330;17.389097;2.675790;1.272446;0.003179;225.793026;294.590785;20.457669;0.006871;453.000000;8;2
/mnt/dss_project/nherrmann/innsbruck/level1/S2A_MSIL1C_20240331T101601_N0510_R065_T32TPT_20240331T135958.SAFE/GRANULE/L1C_T32TPT_A045822_20240331T101847;bash;0.038044;23.571440;0.266314;3.363112;31.999663;2.535558;12.559498;32.974970;17.577936;21.587616;90.111115;87.261968;0.000001;9.791934;0.471048;8.099371;0.547976;6.853951;66.794279;0.000000;21.302900;0.000000;0.000003;117.012368;0.099470;0.067174;104.391384;0.000005;0.000007;221.570455;0.026475;17.390736;2.712794;1.370991;0.004774;264.540507;347.321909;25.305239;0.148834;529.000000;8;2
