/mnt/dss_project/nherrmann/innsbruck/level1/S2A_MSIL1C_20240111T102401_N0510_R065_T32TPT_20240111T122249.SAFE/GRANULE/L1C_T32TPT_A044678_20240111T102734;bash;0.097427;16.727887;1.098065;20.705976;77.942842;10.784670;6.440156;21.728107;3.173221;36.506107;30.472557;72.210498;0.000001;19.404726;567.362883;29.606985;-0.000012;806.000000;16;1
/mnt/dss_project/nherrmann/innsbruck/level1/S2B_MSIL1C_20240113T101309_N0510_R022_T32TPT_20240113T110023.SAFE/GRANULE/L1C_T32TPT_A035798_20240113T101304;bash;0.075256;71.613965;3.351703;14.634379;62.834544;28.286594;15.506649;87.045351;3.347216;27.947841;16.863222;146.655139;0.000001;57.102918;1675.297981;45.278606;-0.000012;2077.000000;16;1
/mnt/dss_project/nherrmann/innsbruck/level1/S2A_MSIL1C_20240128T101301_N0510_R022_T32TPT_20240128T105717.SAFE/GRANULE/L1C_T32TPT_A044921_20240128T101353;bash;0.076273;60.451601;0.850347;6.589680;62.400472;15.070889;15.665414;111.804706;3.458357;35.767963;18.134617;166.130639;0.000001;61.625896;1853.018834;52.075803;-0.000010;2264.000000;16;1
/mnt/dss_project/nherrmann/innsbruck/level1/S2A_MSIL1C_20240101T102431_N0510_R065_T32TPT_20240101T122107.SAFE/GRANULE/L1C_T32TPT_A044535_20240101T102736;bash;0.045808;9.543092;0.467239;3.944385;100.174688;9.678577;11.455101;23.943314;54.683549;1648.539537;94.311714;1736.877214;0.000001;5.855390;804.689942;36.668214;-0.000016;2698.000000;16;1
/mnt/dss_project/nherrmann/innsbruck/level1/S2B_MSIL1C_20240205T102129_N0510_R065_T32TPT_20240205T122515.SAFE/GRANULE/L1C_T32TPT_A036127_20240205T102125;bash;0.178640;51.055211;0.815918;6.139620;63.034090;20.584515;15.060617;110.910062;2.470146;22.539314;26.577118;156.530925;0.000001;61.865768;2327.298318;46.328142;-0.000012;2713.000000;16;1
/mnt/dss_project/nherrmann/innsbruck/level1/S2B_MSIL1C_20240103T101329_N0510_R022_T32TPT_20240103T110304.SAFE/GRANULE/L1C_T32TPT_A035655_20240103T101328;bash;0.036248;23.275402;1.281314;9.153910;107.458372;13.771891;17.482906;90.805988;35.390135;923.821213;59.504704;1063.832926;0.000001;62.470540;1842.356986;44.851504;-0.000014;3155.000000;16;1
/mnt/dss_project/nherrmann/innsbruck/level1/S2B_MSIL1C_20240116T102259_N0510_R065_T32TPT_20240116T111303.SAFE/GRANULE/L1C_T32TPT_A035841_20240116T102256;bash;0.082756;75.102003;1.259486;10.077652;63.703036;20.232277;25.326858;79.721202;70.138733;2295.585226;68.859245;2465.734135;0.000001;55.750814;1277.145804;43.431642;-0.000014;3992.000000;16;1
/mnt/dss_project/nherrmann/innsbruck/level1/S2A_MSIL1C_20240131T102251_N0510_R065_T32TPT_20240131T122138.SAFE/GRANULE/L1C_T32TPT_A044964_20240131T102625;bash;0.137181;57.808992;0.898087;6.242870;63.949707;13.326165;26.357928;76.980523;63.234259;2400.235772;93.589081;2553.835611;0.000001;16.377531;1370.079475;71.833629;-0.000013;4142.000000;16;1
/mnt/dss_project/nherrmann/innsbruck/level1/S2A_MSIL1C_20240207T101201_N0510_R022_T32TPT_20240207T105710.SAFE/GRANULE/L1C_T32TPT_A045064_20240207T101300;bash;0.104864;46.155313;0.835134;6.241453;62.609902;10.453202;22.372308;73.835049;75.023316;2892.391952;88.344833;3051.730586;0.000001;10.752528;1043.788526;33.504668;-0.000012;4255.000000;16;1
/mnt/dss_project/nherrmann/innsbruck/level1/S2B_MSIL1C_20240215T102029_N0510_R065_T32TPT_20240215T140022.SAFE/GRANULE/L1C_T32TPT_A036270_20240215T102728;bash;0.086327;38.376489;1.634752;12.085343;130.721458;66.888699;40.383600;241.151654;18.485791;267.698039;46.268753;594.254741;0.000001;72.713899;1229.771657;46.635658;-0.000012;2127.000000;16;1
/mnt/dss_project/nherrmann/innsbruck/level1/S2B_MSIL1C_20240126T102219_N0510_R065_T32TPT_20240126T111247.SAFE/GRANULE/L1C_T32TPT_A035984_20240126T102216;bash;4.161659;61.895072;0.834536;6.469518;63.381910;12.257952;29.129548;67.772346;101.008690;3287.150859;90.415749;3468.218213;0.000001;8.715514;1092.493788;44.115855;-0.000014;4751.000000;16;1
/mnt/dss_project/nherrmann/innsbruck/level1/S2A_MSIL1C_20240108T101401_N0510_R022_T32TPT_20240108T105807.SAFE/GRANULE/L1C_T32TPT_A044635_20240108T101404;bash;0.074843;24.642773;0.901164;39.682795;87.418386;9.642185;26.277532;72.469087;153.479563;3716.077380;98.495659;3951.695321;0.000001;1.867377;977.080972;31.326419;-0.000014;5115.000000;16;1
/mnt/dss_project/nherrmann/innsbruck/level1/S2A_MSIL1C_20240210T102151_N0510_R065_T32TPT_20240210T121948.SAFE/GRANULE/L1C_T32TPT_A045107_20240210T102529;bash;0.114804;44.340737;2.479768;18.183792;171.556432;16.962740;46.809876;92.728672;205.514845;2686.156060;98.638748;3001.389868;0.000001;2.008955;1111.236156;40.619008;-0.000013;4392.000000;16;1
/mnt/dss_project/nherrmann/innsbruck/level1/S2B_MSIL1C_20240202T101139_N0510_R022_T32TPT_20240202T110551.SAFE/GRANULE/L1C_T32TPT_A036084_20240202T101136;bash;0.112429;52.892670;0.800717;6.112864;62.239293;5.946467;26.606947;63.688868;114.781175;3880.312996;94.885117;4064.757404;0.000001;5.309913;1001.727396;32.416117;-0.000015;5227.000000;16;1
/mnt/dss_project/nherrmann/innsbruck/level1/S2A_MSIL1C_20240118T101331_N0510_R022_T32TPT_20240118T121139.SAFE/GRANULE/L1C_T32TPT_A044778_20240118T101403;bash;0.116452;77.243835;1.199231;7.141796;62.108521;14.089440;25.627689;67.932605;146.397621;3964.084826;98.933060;4192.531710;0.000001;1.529971;968.748466;37.230239;-0.000014;5348.000000;16;1
/mnt/dss_project/nherrmann/innsbruck/level1/S2B_MSIL1C_20240222T100939_N0510_R022_T32TPT_20240222T120930.SAFE/GRANULE/L1C_T32TPT_A036370_20240222T100934;bash;0.087774;32.085971;1.603841;12.231182;94.890423;4.979703;30.988356;60.831555;65.830364;1594.028424;98.831757;1725.698303;0.000001;1.834068;1068.774402;35.738475;-0.000014;2974.000000;16;1
/mnt/dss_project/nherrmann/innsbruck/level1/S2B_MSIL1C_20240212T101039_N0510_R022_T32TPT_20240212T110649.SAFE/GRANULE/L1C_T32TPT_A036227_20240212T101040;bash;0.089751;39.309458;1.605312;12.089989;101.280711;22.630484;52.268199;168.727315;193.767736;2669.267372;97.101791;3054.419542;0.000001;2.944405;1022.694892;35.844776;-0.000012;4270.000000;16;1
/mnt/dss_project/nherrmann/innsbruck/level1/S2B_MSIL1C_20240225T101919_N0510_R065_T32TPT_20240225T125121.SAFE/GRANULE/L1C_T32TPT_A036413_20240225T102308;bash;0.063847;62.117059;0.810120;6.042241;63.009412;18.753425;19.673556;108.325415;32.899024;781.088873;56.146839;941.093741;0.000001;45.162200;1189.889193;43.578400;-0.000010;2352.000000;16;1
/mnt/dss_project/nherrmann/innsbruck/level1/S2B_MSIL1C_20240123T101229_N0510_R022_T32TPT_20240123T110055.SAFE/GRANULE/L1C_T32TPT_A035941_20240123T101226;bash;9.261446;60.745786;1.375366;6.605436;62.456981;4.846838;26.793560;5410.334438;100.000000;5415.208808;0.000001;0.644686;1004.767030;24.198122;-0.000014;6586.000000;16;1
/mnt/dss_project/nherrmann/innsbruck/level1/S2A_MSIL1C_20240121T102331_N0510_R065_T32TPT_20240121T122146.SAFE/GRANULE/L1C_T32TPT_A044821_20240121T102705;bash;0.108341;76.780517;1.155832;6.273079;63.334996;18.767874;0.000029;5767.251880;100.000000;5786.047587;0.000001;0.670730;1053.669107;36.237693;-0.000013;7024.000000;16;1
/mnt/dss_project/nherrmann/innsbruck/level1/S2B_MSIL1C_20240106T102329_N0510_R065_T32TPT_20240106T111405.SAFE/GRANULE/L1C_T32TPT_A035698_20240106T102326;bash;0.086582;25.540101;1.153484;30.716895;99.477876;3.199524;0.000028;5852.364581;100.000000;5855.590735;0.000001;0.673135;1022.876918;39.055869;-0.000011;7075.000000;16;1
/mnt/dss_project/nherrmann/innsbruck/level1/S2A_MSIL1C_20240308T100841_N0510_R022_T32TPT_20240308T120958.SAFE/GRANULE/L1C_T32TPT_A045493_20240308T101546;bash;0.065779;32.686918;0.802875;6.002687;68.553728;22.924233;19.834798;100.299392;19.285735;573.758711;38.328873;716.304420;0.000001;48.768651;1113.599328;40.198065;-0.000012;2027.000000;16;1
/mnt/dss_project/nherrmann/innsbruck/level1/S2A_MSIL1C_20240227T100951_N0510_R022_T32TPT_20240227T121636.SAFE/GRANULE/L1C_T32TPT_A045350_20240227T101649;bash;0.061369;42.994785;0.801659;5.963248;64.541923;9.407605;28.403079;80.367207;84.516894;1962.765465;92.883080;2137.084260;0.000000;6.945054;1059.833162;32.968205;-0.000015;3351.000000;16;1
/mnt/dss_project/nherrmann/innsbruck/level1/S2A_MSIL1C_20240311T101831_N0510_R065_T32TPT_20240311T122002.SAFE/GRANULE/L1C_T32TPT_A045536_20240311T102207;bash;0.064086;32.877260;0.815368;6.027737;67.515032;17.226023;21.717994;104.388308;29.777801;1027.364973;76.912994;1178.782008;0.000001;19.344383;1151.144395;43.391007;-0.000013;2500.000000;16;1
/mnt/dss_project/nherrmann/innsbruck/level1/S2A_MSIL1C_20240217T101101_N0510_R022_T32TPT_20240217T105711.SAFE/GRANULE/L1C_T32TPT_A045207_20240217T101159;bash;0.073785;34.468626;1.601925;12.542169;118.604223;6.609289;29.633078;4067.646479;100.000000;4074.283009;0.000001;0.647260;1025.569960;27.862681;-0.000064;5296.000000;16;1
/mnt/dss_project/nherrmann/innsbruck/level1/S2A_MSIL1C_20240220T102051_N0510_R065_T32TPT_20240220T122157.SAFE/GRANULE/L1C_T32TPT_A045250_20240220T102204;bash;0.081286;34.639036;1.632505;11.929834;138.228710;20.651014;56.095832;159.594421;148.901797;3674.432659;99.701889;4003.609271;0.000001;1.014055;1062.066254;45.605507;-0.000013;5299.000000;16;1
/mnt/dss_project/nherrmann/innsbruck/level1/S2B_MSIL1C_20240303T100819_N0510_R022_T32TPT_20240303T121438.SAFE/GRANULE/L1C_T32TPT_A036513_20240303T101326;bash;0.064736;26.403449;0.803360;5.802303;62.037392;5.637485;25.435657;58.814014;81.283047;2548.626337;99.125687;2694.387899;0.000001;1.480325;1030.812266;35.590089;-0.000019;3857.000000;16;1
/mnt/dss_project/nherrmann/innsbruck/level1/S2B_MSIL1C_20240326T101639_N0510_R065_T32TPT_20240326T135925.SAFE/GRANULE/L1C_T32TPT_A036842_20240326T102439;bash;0.062959;30.857427;0.817725;5.921257;63.081892;12.766466;26.172389;79.143535;32.978506;1306.544470;92.677109;1431.462716;0.000001;7.672495;1162.209148;32.342494;-0.000015;2734.000000;16;1
/mnt/dss_project/nherrmann/innsbruck/level1/S2B_MSIL1C_20240313T100709_N0510_R022_T32TPT_20240313T121251.SAFE/GRANULE/L1C_T32TPT_A036656_20240313T101407;bash;0.062450;58.481895;0.921290;7.344417;67.905350;9.632457;24.550190;79.472182;69.292037;2803.193951;96.864677;2961.616472;0.000001;3.074781;1024.688804;24.259248;-0.000015;4149.000000;16;1
/mnt/dss_project/nherrmann/innsbruck/level1/S2A_MSIL1C_20240331T101601_N0510_R065_T32TPT_20240331T135958.SAFE/GRANULE/L1C_T32TPT_A045822_20240331T101847;bash;0.096484;33.276358;0.817072;7.390821;66.085002;7.625728;24.326010;89.520489;33.021870;1371.720065;90.824661;1501.913948;0.000001;9.565065;1161.065501;29.343578;-0.000013;2809.000000;16;1
/mnt/dss_project/nherrmann/innsbruck/level1/S2A_MSIL1C_20240301T101941_N0510_R065_T32TPT_20240301T122141.SAFE/GRANULE/L1C_T32TPT_A045393_20240301T102318;bash;0.063674;30.994352;0.815229;6.096100;63.110812;3.321888;0.000026;4500.072106;100.000000;4503.424724;0.000001;0.670958;1090.993390;23.854837;-0.000012;5720.000000;16;1
/mnt/dss_project/nherrmann/innsbruck/level1/S2B_MSIL1C_20240316T101649_N0510_R065_T32TPT_20240316T125251.SAFE/GRANULE/L1C_T32TPT_A036699_20240316T102010;bash;0.064368;40.101506;0.812450;6.086599;63.085609;7.893837;28.020500;3885.836477;100.000000;3893.759157;0.000001;0.677363;1085.402558;26.565371;-0.000011;5117.000000;16;1
/mnt/dss_project/nherrmann/innsbruck/level1/S2B_MSIL1C_20240306T101759_N0510_R065_T32TPT_20240306T125639.SAFE/GRANULE/L1C_T32TPT_A036556_20240306T102027;bash;0.061614;40.965216;0.809900;6.133310;63.040274;3.528848;0.000025;4506.877426;100.000000;4510.434776;0.000001;0.673445;1082.590680;24.488164;-0.000012;5729.000000;16;1
/mnt/dss_project/nherrmann/innsbruck/level1/S2A_MSIL1C_20240318T100731_N0510_R022_T32TPT_20240318T120956.SAFE/GRANULE/L1C_T32TPT_A045636_20240318T101434;bash;0.072362;31.629489;0.835071;5.996163;64.381598;3.202082;0.000034;4177.059339;100.000000;4180.288187;0.000001;0.658864;1017.534867;20.248433;-0.000013;5322.000000;16;1
/mnt/dss_project/nherrmann/innsbruck/level1/S2B_MSIL1C_20240323T100649_N0510_R022_T32TPT_20240323T121051.SAFE/GRANULE/L1C_T32TPT_A036799_20240323T101128;bash;0.062556;26.610964;0.803499;6.062315;63.786519;4.905057;26.239933;3924.919445;100.000000;3929.852975;0.000001;0.673330;1054.869249;20.612023;-0.000014;5104.000000;16;1
/mnt/dss_project/nherrmann/innsbruck/level1/S2A_MSIL1C_20240321T101721_N0510_R065_T32TPT_20240321T122141.SAFE/GRANULE/L1C_T32TPT_A045679_20240321T101853;bash;0.102184;25.673296;0.815226;6.434456;63.241723;3.983776;0.000023;4441.197915;100.000000;4445.209261;0.000001;0.670991;1107.593625;21.640185;-0.000008;5672.000000;16;1
/mnt/dss_project/nherrmann/innsbruck/level1/S2A_MSIL1C_20240328T100631_N0510_R022_T32TPT_20240328T120957.SAFE/GRANULE/L1C_T32TPT_A045779_20240328T100900;bash;0.090704;24.551461;0.806436;7.176522;68.143063;3.025279;0.000027;4145.378516;100.000000;4148.432527;0.000001;0.647045;1015.041040;17.838803;-0.000015;5283.000000;16;1
