/mnt/dss_project/nherrmann/innsbruck/level1/S2A_MSIL1C_20240111T102401_N0510_R065_T32TPT_20240111T122249.SAFE/GRANULE/L1C_T32TPT_A044678_20240111T102734;bash;0.137169;27.930667;0.386698;3.070144;13.584472;2.116971;2.885489;14.540038;3.696618;1.289011;30.365656;24.565825;0.000001;7.049396;0.332668;7.677706;0.267669;8.180329;29.070223;0.000000;9.785564;0.000000;0.000004;44.728403;0.413469;0.070526;41.133201;0.000007;0.000010;86.345670;0.017583;7.425859;1.893051;0.712253;0.004515;106.407377;151.970151;31.556120;0.247820;260.000000;16;8
/mnt/dss_project/nherrmann/innsbruck/level1/S2A_MSIL1C_20240101T102431_N0510_R065_T32TPT_20240101T122107.SAFE/GRANULE/L1C_T32TPT_A044535_20240101T102736;bash;0.236816;20.140029;0.421921;1.558148;8.849299;1.548584;3.818782;10.719619;118.515272;6.598087;94.343628;141.223924;0.000001;0.869318;0.222405;4.237776;0.284845;7.193742;42.017235;0.000000;9.635850;0.000000;0.000005;45.947712;0.381392;0.126735;33.464106;0.000007;0.000010;79.920017;0.044627;8.510863;1.991415;0.794893;0.025879;101.155270;155.145253;29.968350;0.310065;358.000000;16;8
/mnt/dss_project/nherrmann/innsbruck/level1/S2B_MSIL1C_20240106T102329_N0510_R065_T32TPT_20240106T111405.SAFE/GRANULE/L1C_T32TPT_A035698_20240106T102326;bash;0.097562;33.439958;0.735753;4.683173;23.310164;2.104543;0.000000;0.000000;0.000000;34.526928;100.000000;36.763445;0.000001;1.449023;0.374802;7.131704;0.631203;9.957056;105.372666;0.000000;14.348306;0.000000;0.000004;102.646721;0.045160;0.104875;55.545650;0.000007;0.000008;158.342479;0.000351;14.799494;3.296633;1.905741;0.006746;193.085670;316.584869;42.303561;0.090965;459.000000;16;8
/mnt/dss_project/nherrmann/innsbruck/level1/S2B_MSIL1C_20240123T101229_N0510_R022_T32TPT_20240123T110055.SAFE/GRANULE/L1C_T32TPT_A035941_20240123T101226;bash;0.158503;43.044679;0.476354;5.047983;22.558429;2.096588;9.858584;0.000000;0.000000;30.319376;100.000000;42.346990;0.000001;0.720120;0.259616;6.484757;0.592979;8.830548;99.958432;0.000000;12.694625;0.000000;0.000005;95.308897;0.201108;0.248884;62.456150;0.000007;0.000010;158.215112;0.040143;11.793880;2.533425;1.205715;0.007974;186.763074;302.918565;33.597705;0.087156;451.000000;16;8
/mnt/dss_project/nherrmann/innsbruck/level1/S2A_MSIL1C_20240121T102331_N0510_R065_T32TPT_20240121T122146.SAFE/GRANULE/L1C_T32TPT_A044821_20240121T102705;bash;0.168115;47.230751;0.464865;5.839560;21.726303;3.598880;0.000000;0.000000;0.000000;34.699050;100.000000;38.387012;0.000001;0.876499;0.387324;5.083126;0.636139;7.472006;114.095031;0.000000;14.552599;0.000000;0.000005;101.925150;0.052754;0.219691;59.622473;0.000007;0.000008;161.820134;0.085371;14.282667;3.398215;1.598530;0.001401;196.226077;323.932558;40.330281;0.195685;479.000000;16;8
/mnt/dss_project/nherrmann/innsbruck/level1/S2B_MSIL1C_20240103T101329_N0510_R022_T32TPT_20240103T110304.SAFE/GRANULE/L1C_T32TPT_A035655_20240103T101328;bash;0.147970;33.084956;0.349127;4.300585;21.609305;3.307940;6.401219;53.708965;27.346973;6.301413;59.288338;97.154818;0.000001;9.562759;0.461853;10.609732;0.556572;8.705566;72.574372;0.000000;14.562370;0.000000;0.000005;100.151181;0.182005;0.124835;85.621914;0.000008;0.000011;186.080008;0.094229;15.450670;3.704045;1.125249;0.002425;221.370786;314.342585;46.642971;0.337658;527.000000;16;8
/mnt/dss_project/nherrmann/innsbruck/level1/S2B_MSIL1C_20240113T101309_N0510_R022_T32TPT_20240113T110023.SAFE/GRANULE/L1C_T32TPT_A035798_20240113T101304;bash;0.333024;41.010262;0.512653;6.224026;23.702705;4.639303;5.707251;53.393734;2.742000;1.234168;16.805122;67.778818;0.000001;17.640729;0.451676;11.460467;0.561062;10.739355;74.020392;0.000000;15.207812;0.000000;0.000004;108.551159;0.156645;0.106991;89.601273;0.000009;0.000010;198.416143;0.061079;14.808218;3.532081;1.473345;0.032285;234.269828;331.538025;50.511039;0.120337;539.000000;16;8
/mnt/dss_project/nherrmann/innsbruck/level1/S2A_MSIL1C_20240128T101301_N0510_R022_T32TPT_20240128T105717.SAFE/GRANULE/L1C_T32TPT_A044921_20240128T101353;bash;0.201627;47.273315;0.449459;4.088226;22.656090;2.921288;5.376468;57.174777;4.770683;1.121383;17.580933;71.417566;0.000001;22.368039;0.485025;11.545159;0.544643;8.256197;77.968903;0.000000;16.676939;0.000000;0.000005;112.795025;0.210411;0.260248;97.726015;0.000007;0.000010;210.991769;0.050890;14.082639;3.860671;1.536682;0.024278;247.711984;346.546586;43.353189;0.643929;559.000000;16;8
/mnt/dss_project/nherrmann/innsbruck/level1/S2B_MSIL1C_20240205T102129_N0510_R065_T32TPT_20240205T122515.SAFE/GRANULE/L1C_T32TPT_A036127_20240205T102125;bash;0.402819;45.162138;0.473875;4.026484;21.979119;3.181073;5.413045;58.240910;4.496068;1.185695;25.873877;72.597062;0.000001;23.730131;0.446676;13.484728;0.626293;8.778957;102.120378;0.000000;15.520589;0.000000;0.000005;123.572812;0.068065;0.243626;106.624602;0.000007;0.000008;230.509179;0.043620;13.120579;4.354745;1.555868;0.024109;265.400323;390.875940;49.630945;0.670600;609.000000;16;8
/mnt/dss_project/nherrmann/innsbruck/level1/S2A_MSIL1C_20240131T102251_N0510_R065_T32TPT_20240131T122138.SAFE/GRANULE/L1C_T32TPT_A044964_20240131T102625;bash;0.585336;46.272161;0.400082;4.613760;25.671590;2.436859;9.765421;37.291161;68.756902;9.320870;93.263290;127.659578;0.000001;3.491801;0.387903;7.526214;0.714564;7.564787;109.822746;0.000000;14.943412;0.000000;0.000006;116.938644;0.120609;0.485482;94.135182;0.000005;0.000007;211.679984;0.028466;14.366420;3.324993;1.511101;0.037198;246.395988;372.452228;51.681886;0.151607;633.000000;16;8
/mnt/dss_project/nherrmann/innsbruck/level1/S2B_MSIL1C_20240116T102259_N0510_R065_T32TPT_20240116T111303.SAFE/GRANULE/L1C_T32TPT_A035841_20240116T102256;bash;0.216762;42.595949;1.029405;5.466923;23.264331;3.177717;11.848431;44.224784;135.231377;16.942141;68.783585;211.462128;0.000001;8.519755;0.387966;7.614410;0.789533;9.518367;108.922113;0.000000;15.652827;0.000000;0.000005;119.844381;0.082228;0.223303;93.985089;0.000007;0.000010;214.135074;0.040044;13.687499;4.025555;1.545312;0.011427;249.571894;376.838786;45.785900;0.301107;715.000000;16;8
/mnt/dss_project/nherrmann/innsbruck/level1/S2A_MSIL1C_20240207T101201_N0510_R022_T32TPT_20240207T105710.SAFE/GRANULE/L1C_T32TPT_A045064_20240207T101300;bash;0.387088;40.523820;0.471679;3.847754;22.304810;2.324710;8.180022;29.292540;158.434126;10.503501;88.549286;208.848525;0.000001;6.882786;0.332838;9.932888;0.662225;7.250845;107.275825;0.000000;15.231456;0.000000;0.000006;110.294259;0.181273;0.234455;79.344265;0.000006;0.000009;190.054325;0.038375;13.269818;3.477556;1.298623;0.002778;223.719233;349.191556;41.098432;0.493688;675.000000;16;8
/mnt/dss_project/nherrmann/innsbruck/level1/S2B_MSIL1C_20240126T102219_N0510_R065_T32TPT_20240126T111247.SAFE/GRANULE/L1C_T32TPT_A035984_20240126T102216;bash;0.167697;42.356370;0.516194;4.252686;24.183208;2.574859;11.189301;42.302389;223.237833;16.647400;90.608337;295.990826;0.000001;3.198926;0.386302;7.645718;0.794891;8.591334;128.425295;0.000000;17.370121;0.000000;0.000007;114.655192;0.050288;0.213337;80.733295;0.000008;0.000011;195.652187;0.088811;12.133081;4.606474;1.503995;0.023978;231.774828;377.651208;43.769897;0.371547;792.000000;16;8
/mnt/dss_project/nherrmann/innsbruck/level1/S2B_MSIL1C_20240202T101139_N0510_R022_T32TPT_20240202T110551.SAFE/GRANULE/L1C_T32TPT_A036084_20240202T101136;bash;0.155229;42.512233;0.553061;4.897759;22.906088;2.117269;8.465210;31.875952;247.183247;23.879912;94.799561;313.605523;0.000001;2.562573;0.601345;6.954487;0.603439;7.873780;121.687644;0.000000;17.705682;0.000000;0.000005;103.228793;0.196016;0.230178;81.892801;0.000007;0.000010;185.547864;0.072962;14.404073;3.320713;1.285055;0.038221;222.981723;360.771205;37.739280;0.317247;786.000000;16;8
/mnt/dss_project/nherrmann/innsbruck/level1/S2A_MSIL1C_20240108T101401_N0510_R022_T32TPT_20240108T105807.SAFE/GRANULE/L1C_T32TPT_A044635_20240108T101404;bash;0.170347;32.744541;0.797532;3.614828;20.533967;2.026515;10.091257;53.976401;336.969040;19.812084;98.444801;422.942362;0.000001;1.380733;0.509971;8.082400;1.021847;8.113706;113.837019;0.000000;15.209993;0.000000;0.000006;107.478819;0.199296;0.208812;70.414365;0.000008;0.000011;178.301368;0.041223;11.758524;3.852073;1.482038;0.007991;210.957045;342.546013;35.436373;0.428933;860.000000;16;8
/mnt/dss_project/nherrmann/innsbruck/level1/S2A_MSIL1C_20240118T101331_N0510_R022_T32TPT_20240118T121139.SAFE/GRANULE/L1C_T32TPT_A044778_20240118T101403;bash;0.237249;44.079438;0.412801;6.331175;24.879620;2.708896;8.742718;57.168173;343.444942;18.916195;98.871841;431.021956;0.000001;2.425159;0.769613;10.414455;0.793616;9.263997;100.779981;0.000000;15.372640;0.000000;0.000006;101.385465;0.172301;0.251119;70.693014;0.000007;0.000009;172.501973;0.115343;14.841165;2.975385;1.204931;0.001223;207.440511;329.496061;35.917151;0.109125;875.000000;16;8
/mnt/dss_project/nherrmann/innsbruck/level1/S2A_MSIL1C_20240217T101101_N0510_R022_T32TPT_20240217T105711.SAFE/GRANULE/L1C_T32TPT_A045207_20240217T101159;bash;0.217401;38.498360;0.688971;3.981710;25.751629;1.971149;9.739959;0.000000;0.000000;35.423983;100.000000;47.223372;0.000001;0.840900;0.536001;7.483709;0.735071;7.535993;115.325927;0.000000;14.529370;0.000000;0.000005;99.948621;0.258704;0.254208;71.640498;0.000006;0.000008;172.102107;0.070987;12.861273;3.546300;1.311246;0.000940;204.742535;336.379026;37.721323;0.113908;492.000000;16;8
/mnt/dss_project/nherrmann/innsbruck/level1/S2A_MSIL1C_20240210T102151_N0510_R065_T32TPT_20240210T121948.SAFE/GRANULE/L1C_T32TPT_A045107_20240210T102529;bash;0.164969;30.996561;0.592922;3.442359;21.230166;1.918693;12.204447;32.674596;197.943851;18.104033;98.580589;262.937709;0.000001;1.703655;0.468040;7.089970;0.747811;9.647140;128.851784;0.000000;15.440403;0.000000;0.000005;106.835238;0.065344;0.144188;81.019220;0.000007;0.000009;188.064060;0.071101;14.643582;3.870191;1.319224;0.024295;223.850813;370.674419;41.382027;0.087867;733.000000;16;8
/mnt/dss_project/nherrmann/innsbruck/level1/S2B_MSIL1C_20240215T102029_N0510_R065_T32TPT_20240215T140022.SAFE/GRANULE/L1C_T32TPT_A036270_20240215T102728;bash;0.145109;38.921646;0.439621;3.975039;26.725889;3.798001;7.838500;87.991244;10.430375;2.630316;45.463718;112.772099;0.000001;19.051493;0.519333;15.711967;0.840991;8.994375;112.450881;0.000000;16.663848;0.000000;0.000005;122.137090;0.068530;0.229252;103.652383;0.000008;0.000007;226.087325;0.040259;14.354256;4.897679;1.916343;0.024776;264.436894;402.989990;53.563633;0.517407;659.000000;16;8
/mnt/dss_project/nherrmann/innsbruck/level1/S2B_MSIL1C_20240212T101039_N0510_R022_T32TPT_20240212T110649.SAFE/GRANULE/L1C_T32TPT_A036227_20240212T101040;bash;0.146544;34.459682;0.420818;4.075910;24.058479;2.310732;8.562850;81.076300;231.231603;18.438484;96.832504;341.674417;0.000001;1.587650;0.354878;7.860099;0.612012;6.802762;104.412701;0.000000;16.237024;0.000000;0.000006;104.439368;0.206812;0.265613;89.852788;0.000007;0.000009;194.764651;0.071075;16.071176;4.002447;1.528532;0.002403;232.880124;352.940888;38.521267;0.163967;798.000000;16;8
/mnt/dss_project/nherrmann/innsbruck/level1/S2A_MSIL1C_20240301T101941_N0510_R065_T32TPT_20240301T122141.SAFE/GRANULE/L1C_T32TPT_A045393_20240301T102318;bash;0.218436;35.439718;0.419424;4.803006;23.831102;2.318659;0.000000;0.000000;0.000000;35.174019;100.000000;37.569507;0.000001;0.858282;0.573612;6.437475;0.572374;6.967362;150.904928;0.000000;16.204165;0.000000;0.000005;114.507202;0.070279;0.368623;67.156295;0.000006;0.000010;182.102474;0.000374;16.417121;3.724766;1.540500;0.001315;220.294814;385.768708;43.263761;0.141602;532.000000;16;8
/mnt/dss_project/nherrmann/innsbruck/level1/S2B_MSIL1C_20240222T100939_N0510_R022_T32TPT_20240222T120930.SAFE/GRANULE/L1C_T32TPT_A036370_20240222T100934;bash;0.197017;40.119330;0.721246;3.951692;25.205289;2.307650;8.907792;31.887893;132.619729;10.892917;98.763420;186.657768;0.000001;0.923646;0.373527;7.388021;0.735942;7.001706;129.149175;0.000000;17.219859;0.000000;0.000005;105.125654;0.189164;0.200933;89.958152;0.000007;0.000008;195.473974;0.049674;14.358035;4.395374;1.448192;0.023954;233.436547;378.120932;48.613381;0.292870;685.000000;16;8
/mnt/dss_project/nherrmann/innsbruck/level1/S2B_MSIL1C_20240225T101919_N0510_R065_T32TPT_20240225T125121.SAFE/GRANULE/L1C_T32TPT_A036413_20240225T102308;bash;0.238705;42.148729;0.505007;3.174317;23.643068;3.388785;8.040492;96.678022;41.447552;6.409689;55.752911;156.067892;0.000001;23.541636;0.479560;16.675032;0.910370;7.501972;114.199874;0.000000;15.630043;0.000000;0.000005;121.014701;0.064154;0.249657;108.436255;0.000007;0.000008;229.764839;0.038585;15.665551;3.956167;1.498310;0.001544;267.418861;407.205546;49.012876;0.109461;706.000000;16;8
/mnt/dss_project/nherrmann/innsbruck/level1/S2B_MSIL1C_20240306T101759_N0510_R065_T32TPT_20240306T125639.SAFE/GRANULE/L1C_T32TPT_A036556_20240306T102027;bash;0.220204;31.019094;0.494831;3.627190;22.851156;1.791742;0.000000;0.000000;0.000000;36.266966;100.000000;38.113149;0.000001;0.529431;0.433089;7.747039;0.774342;5.388881;153.892510;0.000000;18.362407;0.000000;0.000006;119.654113;0.184615;0.264578;65.059091;0.000010;0.000012;185.162472;0.047050;14.930672;2.745118;1.569616;0.001873;223.095531;391.386560;39.286389;0.081787;528.000000;16;8
/mnt/dss_project/nherrmann/innsbruck/level1/S2A_MSIL1C_20240227T100951_N0510_R022_T32TPT_20240227T121636.SAFE/GRANULE/L1C_T32TPT_A045350_20240227T101649;bash;0.123460;31.538974;0.778613;4.831448;23.896459;2.881868;11.207157;56.188859;158.222343;16.864874;92.788345;245.446063;0.000001;3.678403;0.547745;7.737535;0.545031;7.647535;127.912129;0.000000;18.239158;0.000000;0.000005;114.818991;0.213523;0.285547;83.668501;0.000006;0.000009;198.986640;0.041661;13.591879;2.951440;1.443500;0.036891;235.497924;379.904323;33.351116;0.117531;724.000000;16;8
/mnt/dss_project/nherrmann/innsbruck/level1/S2A_MSIL1C_20240220T102051_N0510_R065_T32TPT_20240220T122157.SAFE/GRANULE/L1C_T32TPT_A045250_20240220T102204;bash;0.308718;42.430680;0.536209;4.028790;27.474733;2.681617;11.592776;57.162163;270.966575;32.390787;99.698235;374.881725;0.000001;1.114706;0.469458;7.302759;0.831826;6.899154;124.261241;0.000000;18.106015;0.000000;0.000008;120.662534;0.075955;0.266511;71.912070;0.000007;0.000010;192.917146;0.072329;11.724497;3.316889;1.139038;0.001884;227.496923;367.278974;44.282940;0.157587;863.000000;16;8
/mnt/dss_project/nherrmann/innsbruck/level1/S2A_MSIL1C_20240308T100841_N0510_R022_T32TPT_20240308T120958.SAFE/GRANULE/L1C_T32TPT_A045493_20240308T101546;bash;0.137009;34.730242;0.461076;4.329326;22.719219;3.733594;7.030387;84.106893;29.918807;9.996591;37.469635;134.877182;0.000001;16.894987;0.420783;14.351273;0.924244;8.114793;114.899156;0.000000;17.321478;0.000000;0.000006;127.208579;0.196965;0.111408;92.385525;0.000008;0.000008;219.902540;0.040572;11.329214;3.716161;1.461907;0.001539;254.216045;392.954522;40.732991;0.290749;648.000000;16;8
/mnt/dss_project/nherrmann/innsbruck/level1/S2B_MSIL1C_20240316T101649_N0510_R065_T32TPT_20240316T125251.SAFE/GRANULE/L1C_T32TPT_A036699_20240316T102010;bash;0.139474;36.802677;0.750575;3.672900;25.511361;2.347828;12.592609;0.000000;0.000000;35.119289;100.000000;50.125638;0.000001;0.735232;0.547145;7.106242;0.719910;6.248440;136.726028;0.000000;18.842135;0.000000;0.000005;119.519639;0.083641;0.209600;63.203550;0.000010;0.000010;183.016504;0.062505;12.106189;2.774026;1.569067;0.023921;218.681526;370.078884;45.450477;0.103162;533.000000;16;8
/mnt/dss_project/nherrmann/innsbruck/level1/S2A_MSIL1C_20240318T100731_N0510_R022_T32TPT_20240318T120956.SAFE/GRANULE/L1C_T32TPT_A045636_20240318T101434;bash;0.177154;29.075831;0.528534;3.783703;20.659652;2.043648;0.000000;0.000000;0.000000;32.710647;100.000000;34.792249;0.000014;1.017642;0.560233;6.816734;0.732043;4.741207;155.591901;0.000000;17.652294;0.000000;0.000005;110.939591;0.189649;0.210374;56.717306;0.000009;0.000012;168.057001;0.000397;12.296307;4.042611;1.247878;0.023552;203.822141;372.315560;36.025651;0.116756;498.000000;16;8
/mnt/dss_project/nherrmann/innsbruck/level1/S2B_MSIL1C_20240303T100819_N0510_R022_T32TPT_20240303T121438.SAFE/GRANULE/L1C_T32TPT_A036513_20240303T101326;bash;0.147267;33.369296;0.454558;3.905923;22.949988;2.176012;9.628162;37.578899;202.513112;20.476921;99.085876;272.437572;0.000001;2.017969;0.368394;8.495639;0.720367;8.984807;138.999055;0.000000;17.282498;0.000000;0.000007;107.464538;0.198846;0.253814;66.225552;0.000010;0.000012;174.142833;0.060725;12.404936;3.383643;1.425421;0.002887;209.206570;366.829701;33.523495;0.296077;736.000000;16;8
/mnt/dss_project/nherrmann/innsbruck/level1/S2A_MSIL1C_20240311T101831_N0510_R065_T32TPT_20240311T122002.SAFE/GRANULE/L1C_T32TPT_A045536_20240311T102207;bash;0.265045;38.898150;0.893208;4.658201;25.129159;3.097193;8.243013;54.074765;39.044510;16.221619;76.314636;120.787897;0.000001;8.807170;0.524041;9.817732;0.728237;8.034575;133.427573;0.000000;17.963107;0.000000;0.000005;118.386865;0.056327;0.150151;82.146973;0.000006;0.000011;200.740384;0.034752;9.929686;2.668911;1.251035;0.021897;232.948308;385.502072;35.692372;0.160608;621.000000;16;8
/mnt/dss_project/nherrmann/innsbruck/level1/S2B_MSIL1C_20240323T100649_N0510_R022_T32TPT_20240323T121051.SAFE/GRANULE/L1C_T32TPT_A036799_20240323T101128;bash;0.177446;32.630710;0.623771;3.604775;26.103360;2.305291;9.372487;0.000000;0.000000;35.811520;100.000000;47.552643;0.000001;0.877509;0.519088;8.149079;0.945796;6.452568;137.834066;0.000000;14.653242;0.000000;0.000006;95.910523;0.204329;0.270805;48.537739;0.000007;0.000010;144.923474;0.041083;9.451248;2.241081;1.198051;0.038224;172.968456;326.901852;28.926509;0.040897;467.000000;16;8
/mnt/dss_project/nherrmann/innsbruck/level1/S2A_MSIL1C_20240321T101721_N0510_R065_T32TPT_20240321T122141.SAFE/GRANULE/L1C_T32TPT_A045679_20240321T101853;bash;0.157074;34.635234;0.566219;3.771443;25.394658;2.411846;0.000000;0.000000;0.000000;37.477767;100.000000;40.029665;0.000001;1.419792;0.601627;8.233773;0.910200;5.605962;175.585280;0.000000;13.950475;0.000000;0.000005;104.979905;0.054331;0.226282;44.026854;0.000007;0.000010;149.287456;0.041169;8.487713;2.564086;0.956256;0.001878;175.538602;366.501461;28.904516;0.125307;501.000000;16;8
/mnt/dss_project/nherrmann/innsbruck/level1/S2B_MSIL1C_20240313T100709_N0510_R022_T32TPT_20240313T121251.SAFE/GRANULE/L1C_T32TPT_A036656_20240313T101407;bash;0.131246;37.996894;0.603008;5.242559;24.854999;2.518221;10.032404;51.589143;152.058804;26.268212;96.121117;242.587397;0.000001;2.216377;0.462386;8.164783;0.682857;6.315473;130.881963;0.000000;15.125511;0.000000;0.000005;94.343920;0.156428;0.131744;52.719310;0.000007;0.000009;147.351482;0.045299;8.516678;2.174765;0.841466;0.001327;174.296592;320.829479;29.221541;0.288646;664.000000;16;8
/mnt/dss_project/nherrmann/innsbruck/level1/S2A_MSIL1C_20240328T100631_N0510_R022_T32TPT_20240328T120957.SAFE/GRANULE/L1C_T32TPT_A045779_20240328T100900;bash;0.101241;35.893688;0.484804;3.371714;27.308843;2.160279;0.000000;0.000000;0.000000;35.290691;100.000000;37.570955;0.000001;0.627164;0.473924;7.366102;0.758390;4.615037;135.432654;0.000000;13.013903;0.000000;0.000006;63.768801;0.119178;0.137692;35.606541;0.000007;0.000011;99.632292;0.032891;7.492535;1.633134;0.584231;0.001233;122.560309;271.221865;23.435151;0.144849;400.000000;16;8
/mnt/dss_project/nherrmann/innsbruck/level1/S2B_MSIL1C_20240326T101639_N0510_R065_T32TPT_20240326T135925.SAFE/GRANULE/L1C_T32TPT_A036842_20240326T102439;bash;0.209944;34.636489;0.607637;3.992772;27.796363;3.175820;13.164645;61.503490;35.108357;11.267530;91.605568;124.290804;0.000001;6.033283;0.448896;7.959528;0.787379;4.871485;122.830217;0.000000;9.817325;0.000000;0.000004;56.177871;0.024259;0.113091;51.456102;0.000006;0.000008;107.771371;0.040900;7.463526;1.715576;0.730697;0.002681;127.738695;264.655609;30.708981;0.090745;493.000000;16;8
/mnt/dss_project/nherrmann/innsbruck/level1/S2A_MSIL1C_20240331T101601_N0510_R065_T32TPT_20240331T135958.SAFE/GRANULE/L1C_T32TPT_A045822_20240331T101847;bash;0.188920;37.493938;0.465967;4.043351;25.762407;2.430760;8.936007;65.347767;30.625403;10.851148;90.111115;118.234788;0.000001;9.023431;0.222362;8.113074;0.700826;3.556385;97.825188;0.000000;9.396114;0.000000;0.000005;55.930798;0.063290;0.123326;48.914835;0.000007;0.000010;105.032316;0.040315;7.779479;2.077920;0.763704;0.004797;125.278706;235.713207;30.198268;0.062848;461.000000;16;8
